{"type": "FeatureCollection", "features": [{"type": "Feature", "geometry": {"type": "LineString", "coordinates": [[-74.345601, 40.400182], [-74.346271, 40.400653], [-74.346691, 40.401137], [-74.347234, 40.400927], [-74.347658, 40.400872], [-74.347815, 40.400875], [-74.349279, 40.40108], [-74.349815, 40.400656], [-74.350105, 40.400427], [-74.350324, 40.400272], [-74.348687, 40.398842], [-74.348483, 40.398673], [-74.346447, 40.396974], [-74.346217, 40.396778], [-74.34341, 40.394431], [-74.34317, 40.394228], [-74.342914, 40.394016], [-74.342683, 40.393823], [-74.34109, 40.392498], [-74.340965, 40.392394], [-74.340309, 40.391848], [-74.339225, 40.390954], [-74.33903, 40.390793], [-74.338188, 40.390099], [-74.338015, 40.389957], [-74.333925, 40.386585], [-74.332095, 40.385188], [-74.331505, 40.384772], [-74.331011, 40.38442], [-74.329671, 40.383602], [-74.329067, 40.383234], [-74.328046, 40.382611], [-74.327351, 40.382187], [-74.326034, 40.381384], [-74.320616, 40.378082], [-74.319715, 40.37753], [-74.318455, 40.376787], [-74.317627, 40.376285], [-74.316872, 40.375854], [-74.316645, 40.375553], [-74.316601, 40.375316], [-74.316636, 40.375206], [-74.316795, 40.374994], [-74.316858, 40.374866], [-74.316883, 40.374738], [-74.31658, 40.374783], [-74.316435, 40.374828], [-74.316129, 40.375008], [-74.315802, 40.375288], [-74.315621, 40.375452], [-74.315503, 40.375536], [-74.315396, 40.375562], [-74.315241, 40.375539], [-74.314736, 40.375458], [-74.314437, 40.375414], [-74.31382, 40.375348], [-74.313466, 40.375274], [-74.312706, 40.375044], [-74.311393, 40.374559], [-74.310368, 40.374205], [-74.309666, 40.373992], [-74.309239, 40.373863], [-74.308883, 40.373758], [-74.30864, 40.373686], [-74.308209, 40.373588], [-74.308038, 40.373598], [-74.307946, 40.373603], [-74.307819, 40.373641], [-74.307488, 40.373742], [-74.306921, 40.37395], [-74.306634, 40.374065], [-74.306066, 40.374231], [-74.305989, 40.374253], [-74.305895, 40.374281], [-74.305647, 40.374353], [-74.304746, 40.374649], [-74.303573, 40.375028], [-74.303398, 40.375067], [-74.303058, 40.3751], [-74.302763, 40.375083], [-74.302479, 40.375018], [-74.30082, 40.374372], [-74.300641, 40.374331], [-74.299769, 40.374249], [-74.29939, 40.37424], [-74.298645, 40.374141], [-74.298264, 40.374097], [-74.297189, 40.373927], [-74.291067, 40.373005], [-74.290852, 40.372974], [-74.289859, 40.372831], [-74.286333, 40.372279], [-74.284137, 40.371914], [-74.280778, 40.371385], [-74.279635, 40.371209], [-74.279139, 40.371102], [-74.277802, 40.370894], [-74.27726, 40.37081], [-74.2768, 40.370719], [-74.275553, 40.370527], [-74.273927, 40.370269], [-74.268949, 40.36944], [-74.265754, 40.368914], [-74.264374, 40.368697], [-74.264026, 40.368622], [-74.263788, 40.368837], [-74.263675, 40.368939], [-74.263213, 40.369358], [-74.263088, 40.36947], [-74.262298, 40.370185], [-74.262267, 40.370213], [-74.26191, 40.370536], [-74.261528, 40.370883], [-74.261293, 40.371099], [-74.260896, 40.371464], [-74.260615, 40.371722], [-74.260182, 40.37212], [-74.259674, 40.372584], [-74.258868, 40.37334], [-74.258065, 40.37415], [-74.257823, 40.374394], [-74.2577, 40.374515], [-74.257633, 40.374586], [-74.257439, 40.374782], [-74.257243, 40.37498], [-74.257079, 40.375145], [-74.256837, 40.37539], [-74.256538, 40.375662], [-74.256166, 40.375933], [-74.255994, 40.376036], [-74.255594, 40.376259], [-74.255302, 40.376409], [-74.254911, 40.376599], [-74.25475, 40.376677], [-74.25462, 40.37674], [-74.254227, 40.376935], [-74.253875, 40.377103], [-74.253383, 40.377339], [-74.253015, 40.377472], [-74.252349, 40.377655], [-74.252173, 40.377715], [-74.251911, 40.377836], [-74.2518, 40.377894], [-74.249902, 40.378972], [-74.248701, 40.379668], [-74.248509, 40.379771], [-74.248279, 40.379903], [-74.247854, 40.380147], [-74.247573, 40.380345], [-74.246567, 40.381115], [-74.246055, 40.381517], [-74.246001, 40.38156], [-74.24597, 40.381587], [-74.245574, 40.38188], [-74.245297, 40.382054], [-74.245072, 40.382159], [-74.244907, 40.382217], [-74.244658, 40.38228], [-74.244306, 40.382358], [-74.243927, 40.382447], [-74.243057, 40.382589], [-74.242648, 40.382671], [-74.242242, 40.382741], [-74.24208, 40.382775], [-74.241734, 40.382841], [-74.241291, 40.382916], [-74.241405, 40.382663], [-74.241455, 40.382564], [-74.241552, 40.382372], [-74.241688, 40.382101], [-74.239994, 40.381605], [-74.238302, 40.381124], [-74.237895, 40.381001], [-74.237669, 40.380879], [-74.23674, 40.380111], [-74.235069, 40.378778], [-74.234729, 40.378519], [-74.234642, 40.378485], [-74.234568, 40.378513], [-74.234076, 40.378863], [-74.233969, 40.378919], [-74.233564, 40.379063], [-74.233018, 40.378141], [-74.23298, 40.378018], [-74.232964, 40.377847], [-74.232898, 40.377239], [-74.232939, 40.377109], [-74.232541, 40.376787], [-74.231909, 40.376414], [-74.232541, 40.376787], [-74.232939, 40.377109], [-74.232898, 40.377239], [-74.232964, 40.377847], [-74.23298, 40.378018], [-74.233018, 40.378141], [-74.233564, 40.379063], [-74.233953, 40.379683], [-74.23411, 40.379937], [-74.235186, 40.381687], [-74.235319, 40.381825], [-74.23545, 40.381896], [-74.235563, 40.381932], [-74.237617, 40.382532], [-74.239308, 40.383025], [-74.240474, 40.383359], [-74.240972, 40.383511], [-74.241008, 40.383454], [-74.241291, 40.382916], [-74.241405, 40.382663], [-74.241455, 40.382564], [-74.241552, 40.382372], [-74.241688, 40.382101], [-74.241994, 40.381487], [-74.242197, 40.381062], [-74.242697, 40.380083], [-74.242726, 40.380029], [-74.242765, 40.379948], [-74.242823, 40.379823], [-74.243643, 40.378115], [-74.243756, 40.377885], [-74.243888, 40.377615], [-74.24427, 40.376843], [-74.244293, 40.376795], [-74.244312, 40.376757], [-74.244483, 40.376407], [-74.244555, 40.376261], [-74.244693, 40.375964], [-74.24478, 40.375765], [-74.244918, 40.375434], [-74.245145, 40.374791], [-74.245535, 40.373672], [-74.245906, 40.372593], [-74.246143, 40.371906], [-74.246177, 40.371807], [-74.246196, 40.371753], [-74.246211, 40.371707], [-74.24631, 40.371421], [-74.246339, 40.371338], [-74.246474, 40.370945], [-74.246794, 40.370029], [-74.247276, 40.368618], [-74.247433, 40.368123], [-74.247478, 40.36801], [-74.247654, 40.367408], [-74.24774, 40.366973], [-74.247895, 40.365663], [-74.247897, 40.365643], [-74.247995, 40.364945], [-74.248019, 40.364796], [-74.248505, 40.361471], [-74.248573, 40.360838], [-74.248703, 40.35997], [-74.248916, 40.358474], [-74.248948, 40.358241], [-74.249009, 40.357798], [-74.249033, 40.357615], [-74.249084, 40.357241], [-74.249142, 40.356805], [-74.249207, 40.356319], [-74.249278, 40.35579], [-74.249304, 40.355596], [-74.249537, 40.353916], [-74.249617, 40.353357], [-74.249665, 40.353022], [-74.249726, 40.352601], [-74.249753, 40.352412], [-74.249904, 40.351359], [-74.250017, 40.350582], [-74.250065, 40.350226], [-74.250204, 40.349267], [-74.250247, 40.348879], [-74.25026, 40.34857], [-74.250222, 40.348153], [-74.250184, 40.347956], [-74.250065, 40.347539], [-74.249604, 40.346028], [-74.249029, 40.344117], [-74.248294, 40.341768], [-74.248123, 40.341223], [-74.247829, 40.340283], [-74.247727, 40.339951], [-74.247349, 40.338685], [-74.246125, 40.334256], [-74.246089, 40.334113], [-74.246067, 40.334038], [-74.246, 40.333776], [-74.245938, 40.333488], [-74.245775, 40.332945], [-74.245708, 40.332697], [-74.245638, 40.332421], [-74.245561, 40.332117], [-74.245462, 40.331727], [-74.245361, 40.331303], [-74.245334, 40.331203], [-74.245153, 40.33029], [-74.245117, 40.330024], [-74.244931, 40.328732], [-74.244847, 40.328147], [-74.244638, 40.326561], [-74.2446, 40.326187], [-74.244553, 40.325981], [-74.244475, 40.325283], [-74.244441, 40.324931], [-74.244427, 40.324806], [-74.244379, 40.324337], [-74.244169, 40.322808], [-74.244148, 40.322573], [-74.244162, 40.322225], [-74.244203, 40.321978], [-74.244257, 40.321796], [-74.24442, 40.321441], [-74.244938, 40.32055], [-74.245059, 40.320342], [-74.245384, 40.319779], [-74.245549, 40.319494], [-74.24621, 40.318366], [-74.246467, 40.317911], [-74.246843, 40.317301], [-74.246902, 40.317203], [-74.247084, 40.316898], [-74.247134, 40.316815], [-74.247201, 40.316703], [-74.247211, 40.316687], [-74.247371, 40.316419], [-74.247546, 40.316114], [-74.247709, 40.315861], [-74.247846, 40.315638], [-74.248126, 40.315184], [-74.248409, 40.314724], [-74.248062, 40.314481], [-74.247957, 40.314407], [-74.247858, 40.314362], [-74.24727, 40.313943], [-74.247075, 40.313714], [-74.246768, 40.313079], [-74.246488, 40.312602], [-74.24623, 40.312213], [-74.246029, 40.311959], [-74.245742, 40.311613], [-74.24562, 40.311479], [-74.245215, 40.311111], [-74.244914, 40.310874], [-74.243914, 40.310337], [-74.243517, 40.310181], [-74.242921, 40.310013], [-74.242493, 40.309903], [-74.241884, 40.309688], [-74.241649, 40.309583], [-74.240936, 40.309209], [-74.240694, 40.309107], [-74.239128, 40.308544], [-74.238896, 40.308435], [-74.238568, 40.308228], [-74.238421, 40.30813], [-74.23713, 40.307291], [-74.236689, 40.30705], [-74.236367, 40.306907], [-74.235881, 40.306748], [-74.234856, 40.306522], [-74.234462, 40.306415], [-74.234314, 40.306337], [-74.233604, 40.305883], [-74.232975, 40.305485], [-74.2321, 40.304496], [-74.23191, 40.304311], [-74.231578, 40.304067], [-74.231141, 40.303835], [-74.230857, 40.303711], [-74.23042, 40.303566], [-74.230051, 40.303413], [-74.229926, 40.30333], [-74.22971, 40.303133], [-74.229503, 40.302848], [-74.229403, 40.302618], [-74.229251, 40.302024], [-74.229078, 40.301389], [-74.228571, 40.300036], [-74.228465, 40.299747], [-74.228271, 40.299192], [-74.228253, 40.299045], [-74.228274, 40.298904], [-74.228348, 40.29871], [-74.229157, 40.297152], [-74.229249, 40.296952], [-74.229284, 40.296794], [-74.229435, 40.294098], [-74.229406, 40.293451], [-74.22905, 40.292518], [-74.228725, 40.291673], [-74.228677, 40.291438], [-74.228649, 40.290916], [-74.228645, 40.290812], [-74.228541, 40.288806], [-74.228519, 40.288487], [-74.228477, 40.28795], [-74.228444, 40.287381], [-74.228401, 40.287119], [-74.228194, 40.286378], [-74.227888, 40.285436], [-74.227513, 40.284234], [-74.227303, 40.283503], [-74.227055, 40.282666], [-74.226953, 40.282422], [-74.226818, 40.282186], [-74.226519, 40.281806], [-74.222776, 40.277962], [-74.222665, 40.277866], [-74.222544, 40.277778], [-74.222298, 40.277639], [-74.221999, 40.277526], [-74.221688, 40.277458], [-74.221017, 40.277394], [-74.219159, 40.277191], [-74.218899, 40.277145], [-74.218746, 40.277097], [-74.218416, 40.276936], [-74.217781, 40.276576], [-74.217556, 40.276425], [-74.218607, 40.276147], [-74.21966, 40.275893], [-74.220415, 40.275692], [-74.220944, 40.275573], [-74.221696, 40.275377], [-74.222951, 40.27506], [-74.223695, 40.274882], [-74.224368, 40.2747], [-74.225507, 40.27442], [-74.227668, 40.273859], [-74.228114, 40.273743], [-74.228461, 40.273655], [-74.23185, 40.272797], [-74.232238, 40.272699], [-74.233651, 40.272335], [-74.234053, 40.27223], [-74.235478, 40.271877], [-74.235828, 40.271789], [-74.237432, 40.271384], [-74.239096, 40.270955], [-74.23997, 40.270729], [-74.240719, 40.270518], [-74.241873, 40.270203], [-74.243674, 40.269737], [-74.244625, 40.269476], [-74.245524, 40.269223], [-74.247449, 40.268748], [-74.247813, 40.268668], [-74.248168, 40.268572], [-74.250834, 40.267904], [-74.253274, 40.267288], [-74.255736, 40.266671], [-74.258222, 40.266046], [-74.259896, 40.265617], [-74.261075, 40.265315], [-74.262778, 40.264877], [-74.263484, 40.264696], [-74.265306, 40.264233], [-74.266735, 40.263881], [-74.269134, 40.26326], [-74.269829, 40.263083], [-74.269963, 40.26303], [-74.270162, 40.262896], [-74.270303, 40.262798], [-74.270611, 40.262583], [-74.270957, 40.262341], [-74.271189, 40.262178], [-74.271557, 40.261926], [-74.271867, 40.261739], [-74.27206, 40.261566], [-74.2724, 40.261325], [-74.272459, 40.261283], [-74.272626, 40.261164], [-74.272745, 40.261081], [-74.27284, 40.261013], [-74.27349, 40.260542], [-74.274083, 40.26014], [-74.274269, 40.260029], [-74.274636, 40.259797], [-74.274933, 40.2596], [-74.275656, 40.259121], [-74.275873, 40.258963], [-74.275959, 40.258904], [-74.276458, 40.258563], [-74.276622, 40.258451], [-74.276849, 40.258297], [-74.276922, 40.258246], [-74.277073, 40.258142], [-74.277299, 40.257989], [-74.277344, 40.257959], [-74.277386, 40.25793], [-74.277529, 40.257832], [-74.277669, 40.257737], [-74.277788, 40.257655], [-74.27801, 40.257504], [-74.278047, 40.257478], [-74.278161, 40.2574], [-74.27826, 40.257333], [-74.278894, 40.2569], [-74.279301, 40.256619], [-74.27958, 40.256428], [-74.280048, 40.256109], [-74.280161, 40.256031], [-74.28063, 40.255709], [-74.28156, 40.255076], [-74.28195, 40.254821], [-74.282239, 40.254633], [-74.283341, 40.253898], [-74.284367, 40.253241], [-74.284625, 40.253076], [-74.285474, 40.252528], [-74.285829, 40.252299], [-74.28637, 40.25195], [-74.286511, 40.25186], [-74.286934, 40.251606], [-74.287053, 40.251535], [-74.287277, 40.251401], [-74.289898, 40.249702], [-74.290036, 40.249611], [-74.290455, 40.249367], [-74.290521, 40.249325], [-74.290765, 40.249169], [-74.290881, 40.249095], [-74.291994, 40.248384], [-74.292385, 40.248232], [-74.292594, 40.248167], [-74.292779, 40.248158], [-74.292975, 40.248172], [-74.29321, 40.248247], [-74.293941, 40.248618], [-74.294142, 40.248677], [-74.294349, 40.248702], [-74.29464, 40.248675], [-74.296196, 40.248261], [-74.296412, 40.24823], [-74.296673, 40.248256], [-74.297481, 40.248486], [-74.298463, 40.248835], [-74.299065, 40.249023], [-74.300113, 40.249305], [-74.301298, 40.249579], [-74.302323, 40.249775], [-74.304892, 40.250153], [-74.305348, 40.250233], [-74.308309, 40.250657], [-74.308814, 40.250713], [-74.312439, 40.251229], [-74.318837, 40.25214], [-74.332922, 40.254142], [-74.33377, 40.254219], [-74.334356, 40.254248], [-74.335483, 40.254272], [-74.336077, 40.254246], [-74.337122, 40.25415], [-74.337613, 40.25409], [-74.338374, 40.254], [-74.338611, 40.253971], [-74.33887, 40.25394], [-74.339244, 40.253894], [-74.339826, 40.253823], [-74.340022, 40.253802], [-74.340281, 40.253776], [-74.340937, 40.253714], [-74.341326, 40.253679], [-74.341338, 40.253809], [-74.34134, 40.253837], [-74.341443, 40.253907], [-74.341499, 40.253993], [-74.341567, 40.254021], [-74.341736, 40.254051], [-74.341748, 40.253646], [-74.341758, 40.25349], [-74.341377, 40.253523], [-74.341304, 40.253527], [-74.34056, 40.253597], [-74.340197, 40.253635], [-74.339683, 40.253691], [-74.339208, 40.253748], [-74.338976, 40.253775], [-74.338691, 40.253809], [-74.337097, 40.253997], [-74.336249, 40.254069], [-74.335705, 40.254034], [-74.335279, 40.253977], [-74.334828, 40.253884], [-74.332653, 40.253175], [-74.33235, 40.253093], [-74.332134, 40.253052], [-74.331715, 40.252994], [-74.331436, 40.252978], [-74.331114, 40.252981], [-74.330808, 40.253005], [-74.330505, 40.25305], [-74.330221, 40.253112], [-74.329917, 40.2532], [-74.329517, 40.253354], [-74.329154, 40.253546], [-74.328821, 40.253771], [-74.328026, 40.254354], [-74.327336, 40.254861], [-74.327119, 40.254978], [-74.327057, 40.255142], [-74.327097, 40.25523], [-74.325982, 40.255366], [-74.323804, 40.255631], [-74.323229, 40.255705], [-74.322029, 40.255881], [-74.3209, 40.256024], [-74.320707, 40.256047], [-74.319785, 40.256161], [-74.319156, 40.256214], [-74.3177, 40.25638], [-74.316569, 40.256523], [-74.316237, 40.256577], [-74.316115, 40.256893], [-74.315706, 40.257606], [-74.315081, 40.258651], [-74.31475, 40.259117], [-74.314133, 40.259809], [-74.313536, 40.260456], [-74.309904, 40.264378], [-74.307637, 40.266806], [-74.305042, 40.269585], [-74.304989, 40.269674], [-74.304911, 40.269879], [-74.305919, 40.270101], [-74.307794, 40.270493], [-74.309404, 40.270837], [-74.309916, 40.270982], [-74.310373, 40.271145], [-74.3105, 40.271192], [-74.312972, 40.272132], [-74.314283, 40.272723], [-74.314988, 40.273062], [-74.317638, 40.274334], [-74.320762, 40.275806], [-74.325647, 40.27808], [-74.326803, 40.278617], [-74.327185, 40.278822], [-74.327437, 40.278992], [-74.32778, 40.279269], [-74.328026, 40.279472], [-74.32942, 40.280619], [-74.329916, 40.281029], [-74.330054, 40.281142], [-74.330214, 40.281281], [-74.330581, 40.281577], [-74.331789, 40.282568], [-74.331908, 40.282666], [-74.332214, 40.282918], [-74.332291, 40.282982], [-74.33249, 40.283146], [-74.33287, 40.283455], [-74.33314, 40.283681], [-74.333555, 40.284024], [-74.333808, 40.284237], [-74.333983, 40.284374], [-74.33413, 40.284498], [-74.335241, 40.285414], [-74.335684, 40.285782], [-74.336122, 40.286151], [-74.339048, 40.288597], [-74.339538, 40.288929], [-74.340089, 40.289238], [-74.340556, 40.289437], [-74.340933, 40.289568], [-74.341433, 40.289699], [-74.341747, 40.289765], [-74.342081, 40.289837], [-74.343505, 40.29012], [-74.344706, 40.29035], [-74.344929, 40.290396], [-74.345239, 40.29046], [-74.345447, 40.290502], [-74.345781, 40.290569], [-74.346283, 40.29067], [-74.346728, 40.290831], [-74.346929, 40.290933], [-74.347916, 40.291547], [-74.348565, 40.291956], [-74.349284, 40.292409], [-74.350456, 40.293151], [-74.350543, 40.293206], [-74.35063, 40.293261], [-74.350931, 40.293452], [-74.353014, 40.294766], [-74.353273, 40.294905], [-74.353467, 40.294979], [-74.353855, 40.29508], [-74.354541, 40.2952], [-74.355368, 40.295328], [-74.35584, 40.29538], [-74.356408, 40.295403], [-74.356594, 40.295408], [-74.357917, 40.295459], [-74.358355, 40.295469], [-74.358356, 40.295497], [-74.358381, 40.296154], [-74.358395, 40.296425], [-74.358405, 40.297003], [-74.358404, 40.297108], [-74.359045, 40.297124], [-74.359454, 40.297158], [-74.360121, 40.297212], [-74.361441, 40.297281], [-74.361621, 40.29732], [-74.361781, 40.297375], [-74.362268, 40.297674], [-74.362621, 40.297913], [-74.363227, 40.298302], [-74.363873, 40.298721], [-74.36404, 40.298831], [-74.364328, 40.29902], [-74.365119, 40.29953], [-74.36637, 40.300346], [-74.366574, 40.30048], [-74.369148, 40.302156], [-74.370087, 40.302751], [-74.371035, 40.303364], [-74.374365, 40.305512], [-74.375115, 40.305996], [-74.375543, 40.306269], [-74.375802, 40.306431], [-74.376099, 40.306619], [-74.376244, 40.306713], [-74.376414, 40.306819], [-74.378604, 40.308237], [-74.378904, 40.308453], [-74.379465, 40.308858], [-74.379725, 40.309087], [-74.380169, 40.309526], [-74.380945, 40.310305], [-74.381274, 40.310613], [-74.381553, 40.310869], [-74.381685, 40.31099], [-74.38313, 40.312291], [-74.383624, 40.312662], [-74.383974, 40.312871], [-74.385538, 40.313601], [-74.38899, 40.315228], [-74.390977, 40.316586], [-74.393105, 40.318095], [-74.394743, 40.319278], [-74.394829, 40.319343], [-74.395732, 40.319982], [-74.396322, 40.320378], [-74.397767, 40.321425], [-74.399028, 40.322102], [-74.399644, 40.322417], [-74.396993, 40.324745], [-74.398469, 40.325631], [-74.398624, 40.325707], [-74.399659, 40.324752], [-74.400658, 40.323893], [-74.40072, 40.323852], [-74.400785, 40.323832], [-74.401058, 40.32397], [-74.402037, 40.324409], [-74.402046, 40.324413], [-74.402583, 40.32481], [-74.404232, 40.326104], [-74.404908, 40.325594], [-74.405821, 40.326308], [-74.406041, 40.32648], [-74.406245, 40.326639], [-74.407486, 40.327609], [-74.408012, 40.32802], [-74.408647, 40.328466], [-74.409354, 40.3289], [-74.410611, 40.329659], [-74.411336, 40.330055], [-74.411759, 40.330294], [-74.408328, 40.331812], [-74.407726, 40.332118], [-74.407268, 40.332351], [-74.407057, 40.332458], [-74.406846, 40.332638], [-74.406667, 40.332858], [-74.406579, 40.332989], [-74.406483, 40.333178], [-74.406386, 40.333458], [-74.40634, 40.333724], [-74.406217, 40.334458], [-74.406173, 40.334721], [-74.406042, 40.335498], [-74.405983, 40.335921], [-74.405752, 40.337123], [-74.405729, 40.337233], [-74.405526, 40.338552], [-74.404777, 40.342662], [-74.404395, 40.344874], [-74.404045, 40.346903], [-74.404038, 40.346945], [-74.404073, 40.347078], [-74.404485, 40.348648], [-74.404601, 40.349172], [-74.405013, 40.350851], [-74.405103, 40.351224], [-74.405364, 40.352298], [-74.405517, 40.352984], [-74.406006, 40.355138], [-74.405526, 40.35514], [-74.403949, 40.355142], [-74.400831, 40.355162], [-74.400676, 40.355163], [-74.400471, 40.355164], [-74.397569, 40.355182], [-74.396383, 40.35519], [-74.395654, 40.355193], [-74.394565, 40.355205], [-74.394169, 40.35524], [-74.393434, 40.35534], [-74.389708, 40.355871], [-74.387648, 40.356202], [-74.386281, 40.356361], [-74.386433, 40.357246], [-74.386504, 40.357661], [-74.386605, 40.358247], [-74.386616, 40.358313], [-74.386869, 40.359788], [-74.386975, 40.3604], [-74.387224, 40.361634], [-74.38725, 40.36173], [-74.387472, 40.362775], [-74.387534, 40.363075], [-74.387556, 40.363179], [-74.387902, 40.364845], [-74.387975, 40.365272], [-74.388073, 40.365845], [-74.388155, 40.366325], [-74.388209, 40.366644], [-74.388508, 40.368395], [-74.388584, 40.368844], [-74.388777, 40.369974], [-74.388789, 40.370044], [-74.388864, 40.370484], [-74.388922, 40.370787], [-74.388944, 40.37134], [-74.388909, 40.371715], [-74.388891, 40.372449], [-74.388883, 40.372743], [-74.388859, 40.373696], [-74.388857, 40.373733], [-74.388801, 40.374616], [-74.388765, 40.375187], [-74.388723, 40.375844], [-74.388719, 40.376221], [-74.388715, 40.376573], [-74.388701, 40.377923], [-74.388696, 40.378396], [-74.388703, 40.378876], [-74.388694, 40.379109], [-74.388693, 40.379151], [-74.388679, 40.379519], [-74.388669, 40.379766], [-74.388656, 40.380115], [-74.388654, 40.380188], [-74.388641, 40.380435], [-74.388619, 40.380823], [-74.388619, 40.38087], [-74.388613, 40.381072], [-74.388598, 40.381338], [-74.38859, 40.381493], [-74.388572, 40.381928], [-74.388562, 40.382087], [-74.388556, 40.382157], [-74.388547, 40.382445], [-74.388537, 40.382768], [-74.388536, 40.382821], [-74.388503, 40.383333], [-74.388491, 40.383415], [-74.388206, 40.384363], [-74.38791, 40.385314], [-74.387629, 40.386244], [-74.387328, 40.387125], [-74.387199, 40.387551], [-74.387191, 40.387942], [-74.387311, 40.388356], [-74.387538, 40.388669], [-74.387687, 40.388753], [-74.388709, 40.389328], [-74.388923, 40.389478], [-74.389338, 40.389767], [-74.389559, 40.389989], [-74.38977, 40.390199], [-74.389869, 40.390431], [-74.389963, 40.390655], [-74.390027, 40.390802], [-74.390074, 40.390922], [-74.390088, 40.390962], [-74.390319, 40.391617], [-74.390114, 40.391665], [-74.389872, 40.391747], [-74.389646, 40.391858], [-74.389563, 40.391905], [-74.389319, 40.392049], [-74.389115, 40.392175], [-74.388822, 40.392355], [-74.388608, 40.392486], [-74.388262, 40.392699], [-74.388113, 40.39279], [-74.388067, 40.392818], [-74.387757, 40.393028], [-74.387564, 40.393157], [-74.386995, 40.393589], [-74.386951, 40.393626], [-74.386785, 40.393781], [-74.386609, 40.393971], [-74.386388, 40.394263], [-74.386174, 40.394582], [-74.386153, 40.394616], [-74.386069, 40.394736], [-74.385751, 40.395184], [-74.385528, 40.395461], [-74.385141, 40.395895], [-74.384847, 40.396215], [-74.384577, 40.39651], [-74.383663, 40.397502], [-74.383636, 40.397532], [-74.383485, 40.397693], [-74.382987, 40.398222], [-74.382718, 40.398507], [-74.382636, 40.398594], [-74.381995, 40.399294], [-74.379828, 40.401642], [-74.379401, 40.402108], [-74.379138, 40.402398], [-74.379078, 40.402465], [-74.378912, 40.402646], [-74.377925, 40.403721], [-74.377734, 40.403933], [-74.377108, 40.40462], [-74.376795, 40.404952], [-74.376536, 40.40524], [-74.376494, 40.405282], [-74.376272, 40.405521], [-74.376038, 40.405769], [-74.375751, 40.406078], [-74.375131, 40.406747], [-74.374605, 40.407314], [-74.374091, 40.407869], [-74.373626, 40.408369], [-74.373354, 40.408659], [-74.373147, 40.408879], [-74.373049, 40.408983], [-74.372807, 40.409238], [-74.372497, 40.409562], [-74.371994, 40.410089], [-74.371461, 40.410647], [-74.370938, 40.411197], [-74.370829, 40.411312], [-74.37069, 40.411458], [-74.369843, 40.412334], [-74.369775, 40.412405], [-74.369385, 40.412835], [-74.369293, 40.412911], [-74.369399, 40.413033], [-74.369442, 40.413166], [-74.369411, 40.41334], [-74.36929, 40.413429], [-74.368473, 40.413784], [-74.368315, 40.413825], [-74.36812, 40.413817], [-74.367954, 40.413777], [-74.367824, 40.413792], [-74.367788, 40.413764], [-74.366407, 40.412655], [-74.365409, 40.411921], [-74.364916, 40.411595], [-74.364401, 40.411289], [-74.362637, 40.410306], [-74.362025, 40.409937], [-74.361664, 40.409671], [-74.361196, 40.409252], [-74.36086, 40.408903], [-74.359675, 40.407543], [-74.359324, 40.407241], [-74.358717, 40.406803], [-74.358578, 40.406705], [-74.358272, 40.406496], [-74.357793, 40.406175], [-74.357399, 40.40591], [-74.356911, 40.405578], [-74.356416, 40.405239], [-74.355904, 40.40486], [-74.355678, 40.404696], [-74.354421, 40.403688], [-74.353288, 40.402741], [-74.351203, 40.401], [-74.350324, 40.400272], [-74.350105, 40.400427], [-74.349815, 40.400656], [-74.349279, 40.40108], [-74.347815, 40.400875], [-74.347658, 40.400872], [-74.347621, 40.400773], [-74.347618, 40.400666], [-74.347573, 40.40052], [-74.347443, 40.400375], [-74.347299, 40.400288], [-74.347106, 40.400202], [-74.346881, 40.400131], [-74.345796, 40.399414], [-74.345174, 40.399882], [-74.345601, 40.400182]]}, "properties": {"seed": 1, "km": 70.4, "minutes": 95, "backroad_pct": 42, "state_road_pct": 58, "highway_pct": 7, "stroke": "#d33", "stroke-width": 3}}, {"type": "Feature", "geometry": {"type": "LineString", "coordinates": [[-74.345601, 40.400182], [-74.346271, 40.400653], [-74.346691, 40.401137], [-74.347234, 40.400927], [-74.347658, 40.400872], [-74.347815, 40.400875], [-74.349279, 40.40108], [-74.349815, 40.400656], [-74.350105, 40.400427], [-74.350324, 40.400272], [-74.348687, 40.398842], [-74.348483, 40.398673], [-74.346447, 40.396974], [-74.346217, 40.396778], [-74.34341, 40.394431], [-74.34317, 40.394228], [-74.342914, 40.394016], [-74.342683, 40.393823], [-74.34109, 40.392498], [-74.340965, 40.392394], [-74.340309, 40.391848], [-74.339225, 40.390954], [-74.33903, 40.390793], [-74.338188, 40.390099], [-74.338015, 40.389957], [-74.333925, 40.386585], [-74.332095, 40.385188], [-74.331505, 40.384772], [-74.331011, 40.38442], [-74.329671, 40.383602], [-74.329067, 40.383234], [-74.328046, 40.382611], [-74.327351, 40.382187], [-74.326034, 40.381384], [-74.320616, 40.378082], [-74.319715, 40.37753], [-74.318455, 40.376787], [-74.317627, 40.376285], [-74.316872, 40.375854], [-74.315802, 40.375288], [-74.315048, 40.374894], [-74.308847, 40.371625], [-74.306497, 40.370439], [-74.306111, 40.370239], [-74.304427, 40.36936], [-74.304039, 40.369151], [-74.299445, 40.366742], [-74.298731, 40.366329], [-74.297963, 40.365841], [-74.297097, 40.365228], [-74.296493, 40.36476], [-74.295752, 40.364128], [-74.295399, 40.363802], [-74.294966, 40.36338], [-74.29442, 40.3628], [-74.293729, 40.361981], [-74.293116, 40.361155], [-74.290271, 40.357075], [-74.290077, 40.356764], [-74.288535, 40.354555], [-74.288401, 40.354166], [-74.288346, 40.353951], [-74.288165, 40.352966], [-74.28802, 40.352206], [-74.287984, 40.35191], [-74.287853, 40.35073], [-74.28779, 40.349831], [-74.287789, 40.349719], [-74.287805, 40.349006], [-74.287356, 40.34889], [-74.287116, 40.348796], [-74.286798, 40.348633], [-74.286291, 40.348324], [-74.28592, 40.348093], [-74.28532, 40.347685], [-74.284961, 40.347494], [-74.28448, 40.347337], [-74.283603, 40.347124], [-74.282759, 40.346968], [-74.281786, 40.346775], [-74.281164, 40.346643], [-74.280201, 40.346311], [-74.279687, 40.346117], [-74.279253, 40.345928], [-74.278949, 40.345769], [-74.278005, 40.345248], [-74.277193, 40.344756], [-74.276758, 40.344507], [-74.276324, 40.344283], [-74.275256, 40.343796], [-74.272819, 40.342845], [-74.272361, 40.342645], [-74.272146, 40.342497], [-74.271608, 40.341959], [-74.271081, 40.341484], [-74.270906, 40.341315], [-74.270772, 40.341127], [-74.270687, 40.340976], [-74.270633, 40.340835], [-74.270591, 40.3406], [-74.270623, 40.339875], [-74.2706, 40.339601], [-74.270512, 40.33933], [-74.270163, 40.338588], [-74.269817, 40.337942], [-74.269501, 40.337459], [-74.269785, 40.337334], [-74.270897, 40.33674], [-74.273309, 40.335466], [-74.274277, 40.334939], [-74.275919, 40.334038], [-74.276452, 40.33375], [-74.276963, 40.33348], [-74.278106, 40.332853], [-74.279474, 40.33211], [-74.280916, 40.331307], [-74.281849, 40.330793], [-74.282632, 40.330363], [-74.283314, 40.330013], [-74.28276, 40.329226], [-74.282724, 40.32907], [-74.282766, 40.32888], [-74.282468, 40.328747], [-74.282297, 40.328601], [-74.28108, 40.326911], [-74.280123, 40.32558], [-74.279738, 40.325049], [-74.279636, 40.324876], [-74.279586, 40.324666], [-74.2796, 40.324482], [-74.279629, 40.324392], [-74.279743, 40.324208], [-74.279938, 40.324032], [-74.280906, 40.323479], [-74.281074, 40.323362], [-74.281166, 40.323277], [-74.281265, 40.323149], [-74.281442, 40.322786], [-74.281689, 40.322233], [-74.281876, 40.322011], [-74.282101, 40.321862], [-74.282865, 40.321517], [-74.282032, 40.320398], [-74.282049, 40.320356], [-74.282093, 40.320325], [-74.282462, 40.320162], [-74.282665, 40.320109], [-74.282965, 40.320095], [-74.283282, 40.32014], [-74.28351, 40.320156], [-74.283893, 40.320134], [-74.284142, 40.320083], [-74.284354, 40.320016], [-74.284521, 40.319946], [-74.284773, 40.319812], [-74.285493, 40.31919], [-74.285996, 40.318743], [-74.28655, 40.318165], [-74.286912, 40.317696], [-74.287173, 40.317419], [-74.287472, 40.317213], [-74.287869, 40.317032], [-74.28749, 40.316505], [-74.287433, 40.316424], [-74.286632, 40.31533], [-74.287009, 40.315025], [-74.287249, 40.31483], [-74.288362, 40.313937], [-74.288657, 40.313686], [-74.288865, 40.313531], [-74.288991, 40.313458], [-74.289867, 40.313094], [-74.290023, 40.313031], [-74.290314, 40.312914], [-74.290405, 40.312878], [-74.29052, 40.312837], [-74.290658, 40.312776], [-74.290987, 40.312644], [-74.291088, 40.312604], [-74.291142, 40.312582], [-74.294161, 40.311371], [-74.294472, 40.311205], [-74.295128, 40.310806], [-74.295392, 40.310653], [-74.296371, 40.309977], [-74.297229, 40.309394], [-74.297409, 40.309242], [-74.297551, 40.309096], [-74.297743, 40.308851], [-74.297882, 40.308607], [-74.297988, 40.30834], [-74.29805, 40.308047], [-74.298059, 40.307861], [-74.298009, 40.306566], [-74.297993, 40.305953], [-74.297896, 40.303758], [-74.298678, 40.303697], [-74.299652, 40.303628], [-74.300018, 40.303581], [-74.300353, 40.303496], [-74.300559, 40.303428], [-74.301221, 40.303159], [-74.301667, 40.30297], [-74.301925, 40.302892], [-74.30214, 40.302853], [-74.302708, 40.302751], [-74.302778, 40.302736], [-74.303017, 40.302682], [-74.303183, 40.302647], [-74.303621, 40.302551], [-74.303822, 40.302508], [-74.304168, 40.302435], [-74.304385, 40.302389], [-74.304679, 40.302344], [-74.304736, 40.302335], [-74.305194, 40.302238], [-74.305529, 40.302172], [-74.305804, 40.302115], [-74.306091, 40.302054], [-74.306651, 40.30194], [-74.307231, 40.301822], [-74.307647, 40.301701], [-74.307802, 40.301638], [-74.308111, 40.301471], [-74.308577, 40.301204], [-74.308773, 40.301079], [-74.30887, 40.301025], [-74.309527, 40.300651], [-74.310419, 40.300158], [-74.310856, 40.299948], [-74.311155, 40.299858], [-74.311332, 40.299825], [-74.311675, 40.299794], [-74.313295, 40.299685], [-74.314533, 40.299593], [-74.315459, 40.299523], [-74.316307, 40.299471], [-74.31664, 40.299454], [-74.316795, 40.299446], [-74.317094, 40.299432], [-74.317222, 40.299425], [-74.317684, 40.299401], [-74.317906, 40.299039], [-74.318026, 40.298849], [-74.318247, 40.298501], [-74.31878, 40.297668], [-74.320306, 40.295287], [-74.321179, 40.29392], [-74.322151, 40.292401], [-74.324078, 40.289413], [-74.324231, 40.289176], [-74.324843, 40.288231], [-74.325694, 40.286953], [-74.325727, 40.286899], [-74.326168, 40.28621], [-74.326542, 40.285614], [-74.327202, 40.284614], [-74.327288, 40.284506], [-74.32771, 40.283388], [-74.327818, 40.283186], [-74.327985, 40.283062], [-74.32816, 40.282957], [-74.329977, 40.281927], [-74.33029, 40.281746], [-74.330581, 40.281577], [-74.330894, 40.281399], [-74.331942, 40.280801], [-74.333087, 40.280148], [-74.333413, 40.279958], [-74.333616, 40.27984], [-74.333958, 40.27964], [-74.334427, 40.279379], [-74.334628, 40.279266], [-74.334673, 40.27924], [-74.334817, 40.279155], [-74.334846, 40.279138], [-74.335173, 40.278953], [-74.336416, 40.278253], [-74.338438, 40.277099], [-74.338741, 40.276933], [-74.338826, 40.276886], [-74.338941, 40.276823], [-74.341412, 40.275467], [-74.342742, 40.274755], [-74.342535, 40.27396], [-74.341934, 40.271948], [-74.34179, 40.271531], [-74.341714, 40.271311], [-74.341616, 40.271027], [-74.34147, 40.270604], [-74.341293, 40.270088], [-74.341208, 40.269755], [-74.341041, 40.268433], [-74.34094, 40.267713], [-74.340845, 40.267218], [-74.340483, 40.265726], [-74.340447, 40.26555], [-74.340435, 40.265356], [-74.340438, 40.265266], [-74.340505, 40.264886], [-74.340641, 40.264295], [-74.340731, 40.263975], [-74.340889, 40.263559], [-74.340966, 40.263382], [-74.341461, 40.262268], [-74.341516, 40.262143], [-74.341757, 40.261528], [-74.341906, 40.26104], [-74.341943, 40.260817], [-74.341944, 40.260567], [-74.341792, 40.259453], [-74.341695, 40.258689], [-74.341654, 40.258184], [-74.341628, 40.257333], [-74.341645, 40.25658], [-74.341705, 40.25482], [-74.341719, 40.254331], [-74.341736, 40.254051], [-74.341748, 40.253646], [-74.342114, 40.253622], [-74.34308, 40.253563], [-74.344196, 40.253516], [-74.345783, 40.253459], [-74.348032, 40.253402], [-74.349872, 40.253336], [-74.352848, 40.253258], [-74.354629, 40.253203], [-74.356209, 40.253157], [-74.35635, 40.253153], [-74.359289, 40.253055], [-74.360082, 40.253041], [-74.360733, 40.253047], [-74.361638, 40.25308], [-74.362597, 40.253147], [-74.363418, 40.25323], [-74.364294, 40.253351], [-74.365801, 40.253584], [-74.367106, 40.253786], [-74.367817, 40.253876], [-74.368315, 40.253969], [-74.374429, 40.254933], [-74.374742, 40.254982], [-74.376289, 40.255219], [-74.377415, 40.255398], [-74.381681, 40.256077], [-74.383377, 40.256325], [-74.384694, 40.25655], [-74.384774, 40.256561], [-74.385787, 40.2567], [-74.386968, 40.256896], [-74.389329, 40.257252], [-74.389777, 40.257321], [-74.390705, 40.257464], [-74.39096, 40.257503], [-74.391649, 40.257609], [-74.394328, 40.258021], [-74.396326, 40.258326], [-74.396783, 40.25841], [-74.397309, 40.258492], [-74.39778, 40.258552], [-74.398248, 40.258627], [-74.398644, 40.258689], [-74.400178, 40.258919], [-74.400865, 40.259041], [-74.401769, 40.259212], [-74.402057, 40.259257], [-74.402528, 40.259331], [-74.403336, 40.259468], [-74.404094, 40.259597], [-74.404258, 40.259624], [-74.40479, 40.259715], [-74.40647, 40.260005], [-74.40776, 40.260257], [-74.408059, 40.260317], [-74.409687, 40.260659], [-74.410398, 40.260808], [-74.410597, 40.260851], [-74.410976, 40.260933], [-74.412317, 40.261224], [-74.412635, 40.261289], [-74.413419, 40.261442], [-74.414559, 40.261617], [-74.416953, 40.261878], [-74.419942, 40.262163], [-74.420148, 40.262183], [-74.42035, 40.262203], [-74.420464, 40.262214], [-74.422931, 40.262456], [-74.423632, 40.26251], [-74.424903, 40.262557], [-74.425877, 40.262553], [-74.426693, 40.262524], [-74.427553, 40.26247], [-74.428172, 40.262415], [-74.428579, 40.262378], [-74.432041, 40.262061], [-74.432632, 40.262011], [-74.433163, 40.261985], [-74.43368, 40.261955], [-74.435181, 40.261913], [-74.435783, 40.261911], [-74.435966, 40.261908], [-74.436551, 40.261895], [-74.436619, 40.262275], [-74.436667, 40.262613], [-74.436724, 40.263289], [-74.436918, 40.2646], [-74.436998, 40.265257], [-74.437012, 40.265537], [-74.437012, 40.265636], [-74.436947, 40.266948], [-74.436942, 40.267049], [-74.436826, 40.269631], [-74.436845, 40.26993], [-74.437019, 40.27098], [-74.437127, 40.271434], [-74.437176, 40.271876], [-74.437182, 40.272227], [-74.43687, 40.275145], [-74.436629, 40.278324], [-74.43646, 40.280563], [-74.436385, 40.281937], [-74.436291, 40.28332], [-74.436284, 40.283717], [-74.436315, 40.283926], [-74.436382, 40.284146], [-74.436865, 40.285195], [-74.436936, 40.285342], [-74.438315, 40.288318], [-74.43883, 40.289482], [-74.438981, 40.289883], [-74.439055, 40.290252], [-74.439707, 40.290291], [-74.440658, 40.29042], [-74.448058, 40.290401], [-74.449177, 40.290397], [-74.449363, 40.290397], [-74.452197, 40.290393], [-74.454102, 40.290375], [-74.455275, 40.290374], [-74.455373, 40.290374], [-74.456103, 40.29038], [-74.456918, 40.290395], [-74.457248, 40.290425], [-74.457476, 40.290466], [-74.459238, 40.291023], [-74.459686, 40.291147], [-74.460106, 40.29117], [-74.462651, 40.29118], [-74.463843, 40.29118], [-74.46427, 40.291123], [-74.464501, 40.291058], [-74.464758, 40.29096], [-74.466194, 40.290279], [-74.466075, 40.290134], [-74.465937, 40.289898], [-74.465862, 40.289684], [-74.465782, 40.28813], [-74.465589, 40.288136], [-74.465396, 40.288071], [-74.46531, 40.287989], [-74.465224, 40.2878], [-74.465208, 40.287506], [-74.463605, 40.287559], [-74.46248, 40.287596], [-74.462472, 40.28735], [-74.462461, 40.287013], [-74.46244, 40.286392], [-74.462432, 40.28616], [-74.462415, 40.285649], [-74.462396, 40.285092], [-74.462339, 40.283878], [-74.462317, 40.283453], [-74.46228, 40.283358], [-74.462836, 40.283136], [-74.463136, 40.282988], [-74.463431, 40.282814], [-74.464098, 40.282372], [-74.464842, 40.281968], [-74.465316, 40.281758], [-74.465713, 40.281634], [-74.466642, 40.281378], [-74.467375, 40.281125], [-74.468516, 40.280748], [-74.468837, 40.280627], [-74.469215, 40.280456], [-74.469585, 40.280242], [-74.469874, 40.280039], [-74.471724, 40.27863], [-74.471977, 40.278448], [-74.47224, 40.278253], [-74.472327, 40.278227], [-74.472461, 40.27823], [-74.472537, 40.278252], [-74.472778, 40.281217], [-74.472837, 40.282263], [-74.472895, 40.284488], [-74.472913, 40.284933], [-74.472939, 40.285584], [-74.472944, 40.285764], [-74.47296, 40.28608], [-74.472973, 40.286487], [-74.473041, 40.288444], [-74.473059, 40.289144], [-74.473083, 40.289701], [-74.473147, 40.29444], [-74.473155, 40.29466], [-74.473163, 40.295143], [-74.473186, 40.296111], [-74.473193, 40.296398], [-74.473191, 40.296804], [-74.473202, 40.297989], [-74.47319, 40.298929], [-74.473278, 40.301107], [-74.473289, 40.30153], [-74.473302, 40.30203], [-74.473304, 40.302441], [-74.473324, 40.30316], [-74.473329, 40.304406], [-74.47331, 40.305082], [-74.473302, 40.305242], [-74.473285, 40.305564], [-74.472964, 40.308023], [-74.47284, 40.308872], [-74.472793, 40.30936], [-74.472674, 40.310106], [-74.472665, 40.310166], [-74.472596, 40.310635], [-74.472551, 40.310945], [-74.472514, 40.311197], [-74.472476, 40.311451], [-74.472465, 40.311531], [-74.472326, 40.311995], [-74.472175, 40.312739], [-74.472153, 40.312851], [-74.471773, 40.316012], [-74.471681, 40.31683], [-74.471676, 40.317043], [-74.471663, 40.317594], [-74.471487, 40.318923], [-74.471406, 40.319523], [-74.471327, 40.320112], [-74.471273, 40.320512], [-74.471245, 40.320719], [-74.471197, 40.321079], [-74.471118, 40.321667], [-74.470946, 40.322944], [-74.470889, 40.323254], [-74.470836, 40.32347], [-74.470658, 40.324106], [-74.470529, 40.324513], [-74.47025, 40.325408], [-74.470022, 40.326084], [-74.470002, 40.326156], [-74.469862, 40.326638], [-74.469775, 40.326915], [-74.469477, 40.327571], [-74.469343, 40.32774], [-74.467889, 40.329457], [-74.467601, 40.329768], [-74.466198, 40.331448], [-74.463677, 40.334299], [-74.463575, 40.334411], [-74.463308, 40.334705], [-74.462989, 40.335307], [-74.462842, 40.335723], [-74.462741, 40.3362], [-74.462701, 40.336626], [-74.462752, 40.33704], [-74.462848, 40.337428], [-74.462978, 40.337812], [-74.463351, 40.338477], [-74.464375, 40.339916], [-74.464674, 40.340568], [-74.464723, 40.340714], [-74.464784, 40.341181], [-74.464732, 40.34167], [-74.464577, 40.34217], [-74.464468, 40.342455], [-74.463196, 40.342224], [-74.46271, 40.342141], [-74.462021, 40.342009], [-74.460613, 40.341735], [-74.460162, 40.341648], [-74.459437, 40.34153], [-74.458963, 40.341499], [-74.458582, 40.341498], [-74.45836, 40.341513], [-74.458017, 40.341577], [-74.456624, 40.341616], [-74.456238, 40.341664], [-74.455903, 40.341768], [-74.455279, 40.342047], [-74.454621, 40.342368], [-74.454381, 40.342485], [-74.453573, 40.34288], [-74.453048, 40.343136], [-74.451548, 40.343868], [-74.451228, 40.344024], [-74.451195, 40.344042], [-74.45091, 40.34419], [-74.450445, 40.344401], [-74.450052, 40.344579], [-74.450032, 40.344755], [-74.449921, 40.34522], [-74.449818, 40.34548], [-74.449249, 40.346401], [-74.449163, 40.346542], [-74.448953, 40.346861], [-74.448771, 40.3471], [-74.448517, 40.347377], [-74.447637, 40.348134], [-74.447103, 40.348583], [-74.446168, 40.349366], [-74.445419, 40.349994], [-74.44507, 40.35029], [-74.444662, 40.350647], [-74.444412, 40.350908], [-74.443226, 40.352185], [-74.442995, 40.352441], [-74.442734, 40.352741], [-74.442621, 40.352869], [-74.4425, 40.353003], [-74.442722, 40.353309], [-74.442799, 40.353419], [-74.442961, 40.353641], [-74.44305, 40.353738], [-74.44357, 40.35443], [-74.443754, 40.354684], [-74.444022, 40.355034], [-74.444255, 40.355338], [-74.444332, 40.355445], [-74.444453, 40.355596], [-74.444586, 40.355781], [-74.444641, 40.355858], [-74.445208, 40.35662], [-74.446143, 40.357864], [-74.446248, 40.358267], [-74.446275, 40.35844], [-74.446412, 40.359219], [-74.446495, 40.359876], [-74.446627, 40.360613], [-74.446663, 40.360981], [-74.446841, 40.361938], [-74.447147, 40.362944], [-74.44722, 40.363108], [-74.447425, 40.363446], [-74.447483, 40.363524], [-74.4477, 40.363764], [-74.448119, 40.364168], [-74.448244, 40.36429], [-74.448501, 40.364556], [-74.448593, 40.364674], [-74.448666, 40.3648], [-74.448807, 40.365172], [-74.448879, 40.365429], [-74.448998, 40.365881], [-74.44908, 40.366123], [-74.449351, 40.366655], [-74.449543, 40.366914], [-74.449744, 40.367127], [-74.450137, 40.367479], [-74.45042, 40.367666], [-74.452496, 40.368752], [-74.452715, 40.368865], [-74.453812, 40.369436], [-74.454096, 40.369584], [-74.455417, 40.37027], [-74.456131, 40.370641], [-74.457551, 40.371381], [-74.458074, 40.371648], [-74.457746, 40.372265], [-74.457477, 40.372771], [-74.456988, 40.373896], [-74.456738, 40.374669], [-74.456443, 40.375646], [-74.456267, 40.376079], [-74.456088, 40.37636], [-74.455922, 40.376566], [-74.455563, 40.376956], [-74.455402, 40.37713], [-74.455283, 40.37726], [-74.45455, 40.378033], [-74.453979, 40.37866], [-74.453112, 40.379461], [-74.452421, 40.38009], [-74.450393, 40.381947], [-74.45017, 40.382134], [-74.450251, 40.382187], [-74.450236, 40.382267], [-74.450253, 40.382291], [-74.450553, 40.382474], [-74.451042, 40.382733], [-74.451158, 40.382804], [-74.450892, 40.38307], [-74.450789, 40.383089], [-74.450226, 40.383086], [-74.450085, 40.383111], [-74.44994, 40.383177], [-74.44796, 40.384409], [-74.450037, 40.386396], [-74.450308, 40.386656], [-74.45048, 40.38682], [-74.450753, 40.387082], [-74.451266, 40.387572], [-74.451242, 40.387442], [-74.451266, 40.387572], [-74.45208, 40.388352], [-74.452285, 40.388428], [-74.452766, 40.388545], [-74.45224, 40.389832], [-74.452014, 40.390385], [-74.451936, 40.390519], [-74.45183, 40.390674], [-74.451729, 40.390778], [-74.451508, 40.390948], [-74.451364, 40.390989], [-74.450968, 40.391223], [-74.450918, 40.391317], [-74.450823, 40.391377], [-74.449404, 40.390076], [-74.449278, 40.389958], [-74.448373, 40.389104], [-74.446795, 40.387595], [-74.446373, 40.387226], [-74.445901, 40.386791], [-74.444765, 40.385689], [-74.444031, 40.384977], [-74.443362, 40.385291], [-74.443198, 40.385395], [-74.442807, 40.385643], [-74.440758, 40.387256], [-74.439644, 40.388526], [-74.438882, 40.389409], [-74.437442, 40.391411], [-74.437197, 40.391751], [-74.436863, 40.392215], [-74.436077, 40.393086], [-74.43522, 40.393957], [-74.433652, 40.395551], [-74.433591, 40.395623], [-74.433138, 40.396081], [-74.432538, 40.396688], [-74.432235, 40.396994], [-74.431922, 40.397311], [-74.431658, 40.397577], [-74.430167, 40.399076], [-74.429816, 40.399427], [-74.429132, 40.400121], [-74.429084, 40.400172], [-74.428767, 40.400531], [-74.428624, 40.400694], [-74.428327, 40.401005], [-74.428161, 40.401179], [-74.427278, 40.402081], [-74.427155, 40.402209], [-74.42666, 40.402713], [-74.425658, 40.403721], [-74.425204, 40.404195], [-74.424862, 40.40455], [-74.42469, 40.404422], [-74.424487, 40.404198], [-74.423191, 40.402718], [-74.423074, 40.402578], [-74.422994, 40.402482], [-74.422367, 40.401766], [-74.421306, 40.400556], [-74.420519, 40.399466], [-74.42024, 40.398867], [-74.420138, 40.398569], [-74.420052, 40.398368], [-74.419619, 40.397358], [-74.419492, 40.397076], [-74.419004, 40.39728], [-74.417129, 40.398061], [-74.414813, 40.399016], [-74.414343, 40.399238], [-74.412637, 40.400043], [-74.412304, 40.400165], [-74.411692, 40.40033], [-74.410795, 40.400521], [-74.410434, 40.400597], [-74.409813, 40.400729], [-74.409377, 40.400821], [-74.407136, 40.401392], [-74.406572, 40.401536], [-74.405195, 40.401887], [-74.403571, 40.402317], [-74.40288, 40.40248], [-74.401405, 40.402795], [-74.399649, 40.403154], [-74.398947, 40.403316], [-74.398455, 40.40345], [-74.395394, 40.404559], [-74.39458, 40.40486], [-74.391935, 40.405871], [-74.391855, 40.4059], [-74.390171, 40.406523], [-74.389697, 40.406699], [-74.389125, 40.406904], [-74.388822, 40.406996], [-74.388464, 40.407103], [-74.388305, 40.40715], [-74.388267, 40.407161], [-74.387396, 40.407392], [-74.387025, 40.407487], [-74.386693, 40.407581], [-74.386572, 40.407616], [-74.38644, 40.407653], [-74.386343, 40.40768], [-74.386082, 40.407754], [-74.385739, 40.407849], [-74.385443, 40.407935], [-74.385129, 40.408017], [-74.384194, 40.408273], [-74.383427, 40.408477], [-74.383014, 40.408596], [-74.382127, 40.408848], [-74.380921, 40.40918], [-74.380615, 40.409263], [-74.379996, 40.409431], [-74.379737, 40.409521], [-74.379114, 40.409792], [-74.378973, 40.409854], [-74.378116, 40.410136], [-74.377121, 40.410399], [-74.376341, 40.410607], [-74.376069, 40.410662], [-74.375556, 40.410748], [-74.374794, 40.410841], [-74.373641, 40.411017], [-74.373052, 40.411122], [-74.372497, 40.41122], [-74.371168, 40.411447], [-74.370875, 40.411497], [-74.370783, 40.41149], [-74.37069, 40.411458], [-74.369843, 40.412334], [-74.369775, 40.412405], [-74.369385, 40.412835], [-74.369293, 40.412911], [-74.369399, 40.413033], [-74.369442, 40.413166], [-74.369411, 40.41334], [-74.36929, 40.413429], [-74.368473, 40.413784], [-74.368315, 40.413825], [-74.36812, 40.413817], [-74.367954, 40.413777], [-74.367824, 40.413792], [-74.367788, 40.413764], [-74.366407, 40.412655], [-74.365409, 40.411921], [-74.364916, 40.411595], [-74.364401, 40.411289], [-74.362637, 40.410306], [-74.362025, 40.409937], [-74.361664, 40.409671], [-74.361196, 40.409252], [-74.36086, 40.408903], [-74.359675, 40.407543], [-74.359324, 40.407241], [-74.358717, 40.406803], [-74.358578, 40.406705], [-74.358272, 40.406496], [-74.357793, 40.406175], [-74.357399, 40.40591], [-74.356911, 40.405578], [-74.356416, 40.405239], [-74.355904, 40.40486], [-74.355678, 40.404696], [-74.354421, 40.403688], [-74.353288, 40.402741], [-74.351203, 40.401], [-74.350324, 40.400272], [-74.350105, 40.400427], [-74.349815, 40.400656], [-74.349279, 40.40108], [-74.347815, 40.400875], [-74.347658, 40.400872], [-74.347621, 40.400773], [-74.347618, 40.400666], [-74.347573, 40.40052], [-74.347443, 40.400375], [-74.347299, 40.400288], [-74.347106, 40.400202], [-74.346881, 40.400131], [-74.345796, 40.399414], [-74.345174, 40.399882], [-74.345601, 40.400182]]}, "properties": {"seed": 2, "km": 67.1, "minutes": 93, "backroad_pct": 67, "state_road_pct": 33, "highway_pct": 5, "stroke": "#d33", "stroke-width": 3}}, {"type": "Feature", "geometry": {"type": "LineString", "coordinates": [[-74.345601, 40.400182], [-74.346271, 40.400653], [-74.346691, 40.401137], [-74.347234, 40.400927], [-74.347658, 40.400872], [-74.347815, 40.400875], [-74.349279, 40.40108], [-74.349815, 40.400656], [-74.350105, 40.400427], [-74.354207, 40.403745], [-74.35578, 40.404928], [-74.356842, 40.405664], [-74.358579, 40.406855], [-74.358998, 40.407165], [-74.359374, 40.407474], [-74.36001, 40.408124], [-74.360769, 40.409021], [-74.36113, 40.409397], [-74.361607, 40.409813], [-74.362013, 40.410099], [-74.362663, 40.410517], [-74.364928, 40.411817], [-74.366259, 40.412769], [-74.367635, 40.413832], [-74.367735, 40.413908], [-74.367933, 40.414231], [-74.368244, 40.415512], [-74.368211, 40.415605], [-74.36814, 40.415676], [-74.368035, 40.415733], [-74.367925, 40.41577], [-74.367818, 40.415827], [-74.367679, 40.415852], [-74.367563, 40.415621], [-74.367423, 40.41539], [-74.367294, 40.415108], [-74.367106, 40.414778], [-74.36692, 40.414485], [-74.366795, 40.414341], [-74.36657, 40.414152], [-74.366045, 40.414393], [-74.365944, 40.414439], [-74.365498, 40.414644], [-74.365307, 40.414732], [-74.364831, 40.414957], [-74.364368, 40.415175], [-74.364029, 40.415344], [-74.363841, 40.415437], [-74.362896, 40.415908], [-74.3628, 40.415955], [-74.362383, 40.416163], [-74.361723, 40.416529], [-74.361361, 40.41674], [-74.360961, 40.416976], [-74.359494, 40.417835], [-74.359234, 40.418001], [-74.357891, 40.418807], [-74.353911, 40.421267], [-74.353772, 40.421344], [-74.353464, 40.421537], [-74.352499, 40.422132], [-74.352338, 40.422247], [-74.352098, 40.422445], [-74.352016, 40.422526], [-74.351804, 40.42275], [-74.351606, 40.423006], [-74.351105, 40.423654], [-74.350962, 40.4238], [-74.350522, 40.424177], [-74.349326, 40.424913], [-74.349039, 40.42509], [-74.3489, 40.425173], [-74.348677, 40.425295], [-74.346762, 40.42647], [-74.346386, 40.426698], [-74.346259, 40.426777], [-74.34603, 40.426913], [-74.345175, 40.427424], [-74.344303, 40.427948], [-74.343958, 40.428152], [-74.342768, 40.428873], [-74.342442, 40.429067], [-74.342104, 40.42927], [-74.341512, 40.42963], [-74.341048, 40.42992], [-74.340363, 40.430319], [-74.339313, 40.43094], [-74.337971, 40.431758], [-74.336831, 40.43245], [-74.336336, 40.43272], [-74.336092, 40.432832], [-74.33295, 40.434081], [-74.332562, 40.434238], [-74.332117, 40.434427], [-74.332003, 40.434478], [-74.331589, 40.434684], [-74.330269, 40.435476], [-74.328126, 40.436794], [-74.327868, 40.43698], [-74.32741, 40.437365], [-74.327147, 40.437585], [-74.326929, 40.437841], [-74.326841, 40.438059], [-74.326695, 40.438776], [-74.326589, 40.438923], [-74.326457, 40.439066], [-74.326222, 40.43923], [-74.325969, 40.439315], [-74.325695, 40.439377], [-74.325319, 40.439358], [-74.32501, 40.439275], [-74.324385, 40.439022], [-74.324172, 40.438987], [-74.32395, 40.438997], [-74.323762, 40.439038], [-74.323635, 40.439083], [-74.323512, 40.439146], [-74.32333, 40.439302], [-74.323257, 40.43941], [-74.323206, 40.439525], [-74.322961, 40.440309], [-74.322696, 40.44113], [-74.322556, 40.441442], [-74.322193, 40.441871], [-74.321356, 40.442715], [-74.320634, 40.443405], [-74.320472, 40.443565], [-74.320278, 40.44374], [-74.320195, 40.443824], [-74.319714, 40.444296], [-74.31845, 40.445478], [-74.317881, 40.44604], [-74.31733, 40.446578], [-74.316739, 40.447164], [-74.316648, 40.447264], [-74.316373, 40.447581], [-74.316269, 40.447703], [-74.315899, 40.448103], [-74.31492, 40.449214], [-74.314177, 40.450027], [-74.313962, 40.450262], [-74.313951, 40.450275], [-74.313815, 40.450431], [-74.31365, 40.450602], [-74.313294, 40.45098], [-74.313228, 40.451056], [-74.313124, 40.451175], [-74.312856, 40.451479], [-74.312738, 40.45161], [-74.311934, 40.452499], [-74.311674, 40.452787], [-74.310841, 40.453708], [-74.308032, 40.456775], [-74.307801, 40.457027], [-74.307478, 40.457365], [-74.307075, 40.457842], [-74.306916, 40.458039], [-74.306673, 40.458307], [-74.30636, 40.458617], [-74.307046, 40.458956], [-74.307314, 40.459075], [-74.307824, 40.459295], [-74.308298, 40.459501], [-74.308639, 40.459642], [-74.309357, 40.459939], [-74.310189, 40.460298], [-74.310883, 40.460601], [-74.311029, 40.460676], [-74.311099, 40.460733], [-74.31214, 40.462072], [-74.31273, 40.462858], [-74.313175, 40.463455], [-74.313315, 40.463737], [-74.313442, 40.46399], [-74.313567, 40.464251], [-74.313707, 40.464544], [-74.313753, 40.464636], [-74.31385, 40.464831], [-74.313955, 40.465051], [-74.313986, 40.465121], [-74.314025, 40.465302], [-74.314034, 40.46577], [-74.314127, 40.466288], [-74.314428, 40.467772], [-74.314558, 40.468404], [-74.314735, 40.469305], [-74.314814, 40.46998], [-74.314829, 40.470395], [-74.31482, 40.470817], [-74.314772, 40.471916], [-74.314742, 40.472749], [-74.314725, 40.473319], [-74.314642, 40.473741], [-74.31454, 40.474048], [-74.314344, 40.474468], [-74.31422, 40.474629], [-74.31405, 40.474766], [-74.312772, 40.475643], [-74.312575, 40.475735], [-74.312398, 40.475779], [-74.312156, 40.475804], [-74.311535, 40.475833], [-74.31133, 40.475865], [-74.31114, 40.475924], [-74.310899, 40.476058], [-74.309984, 40.477068], [-74.309825, 40.477224], [-74.309657, 40.477446], [-74.309596, 40.477576], [-74.309518, 40.477963], [-74.310139, 40.478051], [-74.31093, 40.478163], [-74.311287, 40.478214], [-74.311527, 40.478248], [-74.311565, 40.478253], [-74.311658, 40.478266], [-74.31213, 40.478312], [-74.312475, 40.478289], [-74.312902, 40.478063], [-74.313149, 40.477948], [-74.313419, 40.477832], [-74.313576, 40.477768], [-74.313741, 40.4777], [-74.314512, 40.477382], [-74.314862, 40.47723], [-74.315284, 40.477047], [-74.315705, 40.477611], [-74.315941, 40.478796], [-74.316684, 40.47885], [-74.317575, 40.478936], [-74.31797, 40.478992], [-74.318184, 40.47907], [-74.31797, 40.478992], [-74.317575, 40.478936], [-74.316684, 40.47885], [-74.315941, 40.478796], [-74.315026, 40.478719], [-74.314091, 40.478647], [-74.313958, 40.477993], [-74.313741, 40.4777], [-74.313576, 40.477768], [-74.313419, 40.477832], [-74.313149, 40.477948], [-74.312902, 40.478063], [-74.312475, 40.478289], [-74.312122, 40.478469], [-74.311876, 40.478689], [-74.311641, 40.478953], [-74.311382, 40.479352], [-74.309533, 40.483524], [-74.309328, 40.483934], [-74.309069, 40.484328], [-74.308844, 40.484602], [-74.308584, 40.484872], [-74.308227, 40.485187], [-74.307774, 40.485552], [-74.307505, 40.485768], [-74.306615, 40.486511], [-74.306341, 40.486786], [-74.306042, 40.487161], [-74.305847, 40.48746], [-74.305604, 40.487935], [-74.305007, 40.489287], [-74.304865, 40.489608], [-74.304421, 40.49061], [-74.304402, 40.490651], [-74.304174, 40.491136], [-74.303992, 40.491519], [-74.303557, 40.492486], [-74.303458, 40.492708], [-74.303347, 40.492961], [-74.30291, 40.493936], [-74.302735, 40.494328], [-74.302663, 40.494497], [-74.302354, 40.495198], [-74.30232, 40.49528], [-74.302267, 40.495378], [-74.302222, 40.495413], [-74.30198, 40.495489], [-74.30182, 40.495508], [-74.301672, 40.495496], [-74.301067, 40.495386], [-74.300917, 40.49538], [-74.300752, 40.495396], [-74.30055, 40.495452], [-74.29991, 40.495712], [-74.299792, 40.495777], [-74.299687, 40.495861], [-74.299554, 40.496057], [-74.299526, 40.496169], [-74.299526, 40.496285], [-74.299555, 40.496394], [-74.299622, 40.496529], [-74.300219, 40.49766], [-74.30042, 40.49814], [-74.300545, 40.49857], [-74.300868, 40.499843], [-74.300968, 40.500255], [-74.301081, 40.500887], [-74.301196, 40.501277], [-74.301231, 40.501717], [-74.301249, 40.502346], [-74.301176, 40.503738], [-74.300632, 40.512442], [-74.300627, 40.513328], [-74.300664, 40.51421], [-74.300742, 40.515086], [-74.300839, 40.515786], [-74.300861, 40.515954], [-74.300923, 40.516846], [-74.300889, 40.517505], [-74.300778, 40.518159], [-74.300504, 40.51909], [-74.300388, 40.519437], [-74.300208, 40.519881], [-74.300028, 40.520166], [-74.299895, 40.520286], [-74.299699, 40.520418], [-74.299517, 40.52051], [-74.299234, 40.520619], [-74.298876, 40.520675], [-74.298604, 40.520694], [-74.298319, 40.520678], [-74.298015, 40.520623], [-74.297649, 40.520496], [-74.297389, 40.520357], [-74.297074, 40.520152], [-74.296965, 40.520067], [-74.296907, 40.519989], [-74.29686, 40.519948], [-74.296378, 40.51955], [-74.296154, 40.519398], [-74.296012, 40.519333], [-74.295857, 40.519284], [-74.295693, 40.519255], [-74.29551, 40.519245], [-74.295274, 40.519261], [-74.295125, 40.519291], [-74.294911, 40.519362], [-74.294778, 40.51943], [-74.294614, 40.519546], [-74.294527, 40.519634], [-74.294168, 40.520169], [-74.294012, 40.520348], [-74.293897, 40.520451], [-74.293777, 40.520537], [-74.292471, 40.521301], [-74.292089, 40.521572], [-74.291572, 40.521994], [-74.29135, 40.522171], [-74.290951, 40.522532], [-74.290572, 40.522934], [-74.290068, 40.523555], [-74.289114, 40.524804], [-74.288472, 40.525605], [-74.288151, 40.525967], [-74.287811, 40.526316], [-74.287532, 40.526571], [-74.287041, 40.526972], [-74.286442, 40.52738], [-74.28604, 40.527617], [-74.285361, 40.527959], [-74.284972, 40.528131], [-74.284586, 40.52828], [-74.284063, 40.528457], [-74.283657, 40.528577], [-74.282852, 40.528775], [-74.281918, 40.528938], [-74.280978, 40.529037], [-74.28001, 40.52907], [-74.279053, 40.529041], [-74.278684, 40.529009], [-74.277777, 40.528896], [-74.277201, 40.528791], [-74.276652, 40.528663], [-74.27611, 40.528516], [-74.275719, 40.528393], [-74.27477, 40.528062], [-74.271832, 40.527013], [-74.270511, 40.526551], [-74.269268, 40.526137], [-74.269187, 40.526109], [-74.268399, 40.525829], [-74.267871, 40.525663], [-74.267474, 40.525563], [-74.266633, 40.525384], [-74.266207, 40.525327], [-74.257474, 40.52438], [-74.257102, 40.524348], [-74.256252, 40.524307], [-74.255367, 40.524306], [-74.251825, 40.524486], [-74.24648, 40.524782], [-74.244314, 40.524902], [-74.23719, 40.525296], [-74.236795, 40.525319], [-74.23566, 40.525306], [-74.234938, 40.525323], [-74.234495, 40.525348], [-74.234146, 40.525336], [-74.233527, 40.525372], [-74.233208, 40.525389], [-74.233015, 40.525381], [-74.232857, 40.525346], [-74.23273, 40.525297], [-74.232615, 40.525236], [-74.232539, 40.525167], [-74.232459, 40.52499], [-74.232474, 40.5249], [-74.232509, 40.524835], [-74.23264, 40.524744], [-74.233422, 40.524786], [-74.233893, 40.524801], [-74.234125, 40.524784], [-74.234359, 40.524719], [-74.234536, 40.52462], [-74.234666, 40.524516], [-74.234759, 40.524395], [-74.234862, 40.524082], [-74.234877, 40.523871], [-74.234854, 40.523598], [-74.234882, 40.523338], [-74.234909, 40.523067], [-74.234936, 40.522809], [-74.234965, 40.522519], [-74.234991, 40.522281], [-74.234997, 40.522222], [-74.235019, 40.521994], [-74.235052, 40.521693], [-74.23507, 40.521501], [-74.235079, 40.521421], [-74.2351, 40.521212], [-74.23513, 40.52092], [-74.23507, 40.520584], [-74.234932, 40.519955], [-74.234571, 40.518315], [-74.234472, 40.517886], [-74.234333, 40.517565], [-74.234315, 40.51753], [-74.234296, 40.517499], [-74.234271, 40.517464], [-74.234205, 40.517376], [-74.234049, 40.517197], [-74.233815, 40.516992], [-74.233664, 40.51689], [-74.233353, 40.516701], [-74.233322, 40.516683], [-74.233194, 40.516605], [-74.232916, 40.516426], [-74.232859, 40.516356], [-74.232669, 40.515973], [-74.232619, 40.515838], [-74.232541, 40.515533], [-74.23222, 40.514294], [-74.231637, 40.512422], [-74.231453, 40.511835], [-74.231392, 40.51163], [-74.231275, 40.511269], [-74.231166, 40.51093], [-74.231135, 40.510833], [-74.231147, 40.510727], [-74.230813, 40.509772], [-74.230715, 40.509487], [-74.230665, 40.509346], [-74.230644, 40.509284], [-74.23054, 40.509168], [-74.23046, 40.508933], [-74.230304, 40.508483], [-74.230227, 40.508262], [-74.230175, 40.508112], [-74.230085, 40.507852], [-74.230055, 40.50774], [-74.229872, 40.507778], [-74.229624, 40.507829], [-74.229387, 40.507878], [-74.228925, 40.507972], [-74.228115, 40.508133], [-74.227662, 40.508207], [-74.227343, 40.508246], [-74.226909, 40.50829], [-74.224725, 40.508512], [-74.224246, 40.508563], [-74.223767, 40.50861], [-74.223789, 40.506832], [-74.223767, 40.50861], [-74.223026, 40.508686], [-74.22271, 40.508723], [-74.22224, 40.508819], [-74.221574, 40.508955], [-74.220891, 40.509093], [-74.218695, 40.509541], [-74.218069, 40.509669], [-74.217431, 40.509799], [-74.21243, 40.510822], [-74.212074, 40.510923], [-74.211721, 40.511048], [-74.211347, 40.511209], [-74.211005, 40.511387], [-74.210452, 40.511734], [-74.210483, 40.511872], [-74.210667, 40.512314], [-74.210709, 40.512414], [-74.211101, 40.513344], [-74.21129, 40.513818], [-74.2115, 40.514482], [-74.211599, 40.514789], [-74.21182, 40.515417], [-74.211974, 40.515895], [-74.212155, 40.516464], [-74.212483, 40.517494], [-74.212749, 40.518417], [-74.212915, 40.519071], [-74.213052, 40.519545], [-74.213558, 40.521237], [-74.213624, 40.52152], [-74.213715, 40.521966], [-74.213825, 40.522507], [-74.21398, 40.523393], [-74.214105, 40.524112], [-74.213519, 40.524163], [-74.212293, 40.524285], [-74.212021, 40.524322], [-74.211798, 40.524354], [-74.211387, 40.524438], [-74.211317, 40.524456], [-74.210739, 40.524604], [-74.210282, 40.524721], [-74.209959, 40.524895], [-74.209616, 40.525217], [-74.209907, 40.525869], [-74.210177, 40.526658], [-74.210392, 40.52727], [-74.210465, 40.527397], [-74.210681, 40.527748], [-74.210766, 40.527879], [-74.210883, 40.528152], [-74.210933, 40.528421], [-74.210934, 40.528592], [-74.210965, 40.528907], [-74.210969, 40.529018], [-74.211004, 40.529464], [-74.211083, 40.530272], [-74.213155, 40.529687], [-74.213606, 40.529503], [-74.215323, 40.528857], [-74.215789, 40.528701], [-74.216312, 40.528503], [-74.217294, 40.528231], [-74.220604, 40.527309], [-74.221763, 40.526986], [-74.22247, 40.526794], [-74.223003, 40.526666], [-74.223984, 40.526457], [-74.224976, 40.52628], [-74.226424, 40.526078], [-74.227841, 40.52595], [-74.228914, 40.525889], [-74.231673, 40.525745], [-74.231936, 40.525732], [-74.234166, 40.525581], [-74.235252, 40.525492], [-74.23613, 40.525437], [-74.236763, 40.525397], [-74.237197, 40.52537], [-74.244318, 40.524976], [-74.246486, 40.524856], [-74.251839, 40.52456], [-74.254207, 40.524433], [-74.255366, 40.524378], [-74.256049, 40.524376], [-74.25709, 40.524418], [-74.257807, 40.524485], [-74.266188, 40.525397], [-74.266611, 40.525455], [-74.267019, 40.525525], [-74.267447, 40.525621], [-74.267849, 40.525733], [-74.268379, 40.525902], [-74.269226, 40.526203], [-74.270402, 40.526632], [-74.270932, 40.526825], [-74.272036, 40.527233], [-74.274009, 40.527937], [-74.274664, 40.52817], [-74.276035, 40.528633], [-74.27671, 40.528815], [-74.277258, 40.528936], [-74.277821, 40.529034], [-74.278524, 40.529125], [-74.279095, 40.529173], [-74.279944, 40.529203], [-74.280666, 40.529184], [-74.281378, 40.529133], [-74.282086, 40.529046], [-74.282785, 40.528923], [-74.28333, 40.528803], [-74.28414, 40.528573], [-74.284792, 40.528347], [-74.285384, 40.528095], [-74.285596, 40.527993], [-74.285779, 40.527905], [-74.286317, 40.52762], [-74.286698, 40.527384], [-74.28712, 40.52709], [-74.287618, 40.526695], [-74.287986, 40.526357], [-74.288323, 40.526009], [-74.289013, 40.525187], [-74.290607, 40.523127], [-74.290928, 40.52277], [-74.291279, 40.52243], [-74.291867, 40.521952], [-74.292299, 40.521662], [-74.292974, 40.52126], [-74.293707, 40.52088], [-74.294497, 40.520525], [-74.295428, 40.520163], [-74.29652, 40.519823], [-74.296823, 40.519744], [-74.297261, 40.519634], [-74.297947, 40.519504], [-74.298552, 40.519418], [-74.299169, 40.519363], [-74.29991, 40.519335], [-74.300514, 40.519346], [-74.301108, 40.519383], [-74.301782, 40.519459], [-74.302398, 40.519561], [-74.303099, 40.519704], [-74.303189, 40.519793], [-74.30364, 40.519928], [-74.303978, 40.5201], [-74.304114, 40.520193], [-74.304248, 40.520316], [-74.304323, 40.520412], [-74.304379, 40.520522], [-74.304407, 40.520625], [-74.304412, 40.520793], [-74.304366, 40.520959], [-74.304309, 40.521062], [-74.3042, 40.521195], [-74.304076, 40.521297], [-74.303898, 40.521397], [-74.303737, 40.521457], [-74.303384, 40.52147], [-74.3032, 40.521458], [-74.302928, 40.521418], [-74.302643, 40.521348], [-74.302334, 40.521239], [-74.302101, 40.521126], [-74.301903, 40.521002], [-74.301726, 40.520859], [-74.301564, 40.520685], [-74.301475, 40.520562], [-74.301349, 40.520292], [-74.301295, 40.519998], [-74.301285, 40.519668], [-74.30123, 40.519132], [-74.301334, 40.518258], [-74.301384, 40.517384], [-74.301384, 40.516511], [-74.301363, 40.5159], [-74.301226, 40.514413], [-74.301183, 40.513756], [-74.301162, 40.513096], [-74.301165, 40.512226], [-74.301701, 40.503602], [-74.301755, 40.502666], [-74.301759, 40.502216], [-74.301731, 40.501555], [-74.301659, 40.500891], [-74.301545, 40.500242], [-74.301174, 40.498552], [-74.301015, 40.497697], [-74.300874, 40.49652], [-74.300814, 40.495568], [-74.300801, 40.494752], [-74.300851, 40.49383], [-74.300969, 40.492981], [-74.301116, 40.492321], [-74.30136, 40.491516], [-74.301678, 40.490688], [-74.302022, 40.489706], [-74.302439, 40.488637], [-74.30258, 40.488212], [-74.30271, 40.487752], [-74.302819, 40.487273], [-74.302919, 40.486647], [-74.302955, 40.48635], [-74.30299, 40.48573], [-74.30297, 40.484862], [-74.302902, 40.484217], [-74.302743, 40.48335], [-74.302508, 40.482499], [-74.302248, 40.48176], [-74.302028, 40.481253], [-74.301687, 40.480509], [-74.301303, 40.479843], [-74.299385, 40.476034], [-74.298819, 40.475048], [-74.298275, 40.474167], [-74.297735, 40.473399], [-74.296932, 40.472376], [-74.296252, 40.471607], [-74.295779, 40.471123], [-74.295115, 40.470482], [-74.293992, 40.46948], [-74.293832, 40.46934], [-74.293505, 40.469055], [-74.293143, 40.468743], [-74.290197, 40.466191], [-74.289396, 40.465561], [-74.288751, 40.465131], [-74.287831, 40.464607], [-74.287118, 40.464236], [-74.285911, 40.463649], [-74.285726, 40.463564], [-74.282912, 40.462271], [-74.28196, 40.461776], [-74.28129, 40.461372], [-74.281061, 40.461224], [-74.280719, 40.461], [-74.279879, 40.46043], [-74.278857, 40.45965], [-74.278089, 40.459002], [-74.277357, 40.458327], [-74.276484, 40.457462], [-74.275639, 40.456575], [-74.274354, 40.455129], [-74.273596, 40.45423], [-74.273162, 40.453712], [-74.272523, 40.452952], [-74.271626, 40.451834], [-74.271054, 40.451075], [-74.27052, 40.450303], [-74.270147, 40.449706], [-74.269691, 40.448907], [-74.268718, 40.447021], [-74.268011, 40.445653], [-74.267658, 40.445052], [-74.267401, 40.44466], [-74.267121, 40.444275], [-74.266651, 40.443721], [-74.2663, 40.443365], [-74.265939, 40.44304], [-74.265538, 40.442707], [-74.26492, 40.442253], [-74.264048, 40.441671], [-74.263393, 40.441264], [-74.262459, 40.440732], [-74.259773, 40.439304], [-74.25929, 40.439049], [-74.258152, 40.438468], [-74.256736, 40.43771], [-74.255354, 40.436925], [-74.254017, 40.43612], [-74.253131, 40.435562], [-74.252267, 40.434994], [-74.248416, 40.432362], [-74.247318, 40.431659], [-74.246631, 40.431266], [-74.245677, 40.430777], [-74.244945, 40.430435], [-74.244181, 40.430127], [-74.243119, 40.429778], [-74.242579, 40.429631], [-74.242034, 40.429503], [-74.240628, 40.429235], [-74.239223, 40.429027], [-74.238363, 40.428933], [-74.237512, 40.428858], [-74.230221, 40.428353], [-74.229395, 40.428245], [-74.228687, 40.42812], [-74.227861, 40.427925], [-74.227056, 40.427698], [-74.226261, 40.427448], [-74.225225, 40.427076], [-74.224206, 40.426667], [-74.223338, 40.426284], [-74.222605, 40.425951], [-74.221518, 40.425424], [-74.220919, 40.425128], [-74.219575, 40.424444], [-74.216685, 40.422855], [-74.215605, 40.422289], [-74.213821, 40.421386], [-74.212722, 40.420858], [-74.21192, 40.420493], [-74.211226, 40.420036], [-74.210279, 40.419228], [-74.210141, 40.419125], [-74.20995, 40.419022], [-74.209731, 40.418933], [-74.20937, 40.418848], [-74.209005, 40.418815], [-74.208633, 40.418838], [-74.208269, 40.418939], [-74.207934, 40.419057], [-74.207477, 40.419266], [-74.207209, 40.41942], [-74.206946, 40.4196], [-74.206646, 40.419865], [-74.206419, 40.420141], [-74.206276, 40.420376], [-74.206159, 40.420601], [-74.206079, 40.420817], [-74.20594, 40.421442], [-74.205921, 40.421561], [-74.205907, 40.421649], [-74.205888, 40.421766], [-74.205801, 40.422205], [-74.20566, 40.423027], [-74.205624, 40.42334], [-74.205609, 40.423477], [-74.205516, 40.423722], [-74.205322, 40.424005], [-74.205188, 40.424149], [-74.205038, 40.424276], [-74.204752, 40.424456], [-74.204438, 40.42459], [-74.204067, 40.424689], [-74.203532, 40.424775], [-74.202935, 40.424832], [-74.202495, 40.42481], [-74.202226, 40.424797], [-74.202147, 40.424793], [-74.201645, 40.424768], [-74.201095, 40.424741], [-74.200145, 40.424695], [-74.200005, 40.424688], [-74.19966, 40.424669], [-74.19918, 40.424624], [-74.199035, 40.424604], [-74.198347, 40.424442], [-74.19793, 40.424333], [-74.19721, 40.424147], [-74.19677, 40.424033], [-74.196141, 40.42387], [-74.195353, 40.423664], [-74.194311, 40.423393], [-74.194019, 40.423317], [-74.193725, 40.423241], [-74.1934, 40.423156], [-74.193326, 40.423137], [-74.193164, 40.423095], [-74.192797, 40.422999], [-74.192303, 40.422872], [-74.191912, 40.422767], [-74.191832, 40.422746], [-74.191544, 40.422667], [-74.191298, 40.422597], [-74.1903, 40.422326], [-74.190189, 40.422296], [-74.189197, 40.422038], [-74.189013, 40.421991], [-74.188614, 40.421887], [-74.18792, 40.421707], [-74.187537, 40.421608], [-74.186992, 40.421466], [-74.186613, 40.421359], [-74.186071, 40.421205], [-74.185851, 40.42103], [-74.185591, 40.420619], [-74.185475, 40.42054], [-74.185219, 40.420455], [-74.185066, 40.420948], [-74.185032, 40.421052], [-74.184972, 40.421252], [-74.184819, 40.421682], [-74.184747, 40.421852], [-74.184564, 40.422278], [-74.184479, 40.422477], [-74.184385, 40.422631], [-74.184002, 40.42316], [-74.183914, 40.423227], [-74.183784, 40.423228], [-74.18335, 40.42311], [-74.182839, 40.423813], [-74.182771, 40.423924], [-74.182674, 40.424539], [-74.182637, 40.424805], [-74.182555, 40.425315], [-74.182515, 40.425586], [-74.182431, 40.426099], [-74.18238, 40.426352], [-74.181912, 40.427419], [-74.181597, 40.428153], [-74.181266, 40.428055], [-74.180592, 40.427878], [-74.179771, 40.427646], [-74.179509, 40.427337], [-74.179397, 40.427209], [-74.179254, 40.427062], [-74.17877, 40.426487], [-74.178041, 40.425653], [-74.177739, 40.425298], [-74.177517, 40.424994], [-74.177282, 40.424604], [-74.177204, 40.4244], [-74.17718, 40.424183], [-74.177302, 40.422774], [-74.177337, 40.422346], [-74.177399, 40.421721], [-74.177433, 40.421413], [-74.177519, 40.420691], [-74.177567, 40.420254], [-74.177586, 40.420082], [-74.177654, 40.419513], [-74.17767, 40.419371], [-74.177699, 40.419173], [-74.177708, 40.419108], [-74.177718, 40.419034], [-74.177765, 40.418739], [-74.177771, 40.418702], [-74.177776, 40.418662], [-74.177834, 40.418095], [-74.177844, 40.417973], [-74.177878, 40.417678], [-74.17793, 40.417468], [-74.177972, 40.417355], [-74.17803, 40.417201], [-74.178081, 40.417073], [-74.178143, 40.416929], [-74.178268, 40.416676], [-74.178314, 40.416593], [-74.178488, 40.416309], [-74.178515, 40.416268], [-74.178547, 40.41622], [-74.178847, 40.415764], [-74.178901, 40.415687], [-74.178978, 40.415587], [-74.179223, 40.415254], [-74.1793, 40.415144], [-74.179585, 40.414704], [-74.179885, 40.414255], [-74.180351, 40.413502], [-74.180663, 40.413065], [-74.180755, 40.412936], [-74.180871, 40.412816], [-74.181071, 40.412673], [-74.181269, 40.412576], [-74.181573, 40.412495], [-74.181967, 40.412401], [-74.183816, 40.412002], [-74.184905, 40.411761], [-74.185498, 40.411704], [-74.186739, 40.411701], [-74.187061, 40.41169], [-74.187211, 40.41168], [-74.187406, 40.411663], [-74.187619, 40.411645], [-74.187907, 40.411616], [-74.18824, 40.411569], [-74.188476, 40.411535], [-74.190365, 40.411297], [-74.190586, 40.411274], [-74.19083, 40.411248], [-74.190892, 40.411243], [-74.19151, 40.411187], [-74.191736, 40.411166], [-74.191771, 40.411163], [-74.192494, 40.411089], [-74.193334, 40.410922], [-74.195174, 40.410516], [-74.196104, 40.410317], [-74.196349, 40.410239], [-74.196598, 40.410137], [-74.19687, 40.409989], [-74.198313, 40.409051], [-74.198919, 40.408661], [-74.199292, 40.408428], [-74.200043, 40.407951], [-74.200483, 40.407673], [-74.200937, 40.407337], [-74.201328, 40.407021], [-74.201731, 40.406715], [-74.202002, 40.406578], [-74.202391, 40.406471], [-74.202922, 40.40635], [-74.203336, 40.406251], [-74.204478, 40.40599], [-74.206794, 40.405465], [-74.208857, 40.405049], [-74.209053, 40.405025], [-74.21027, 40.404967], [-74.211135, 40.404932], [-74.212137, 40.404891], [-74.212947, 40.404857], [-74.213223, 40.404873], [-74.213668, 40.404971], [-74.214319, 40.405141], [-74.214668, 40.405231], [-74.215533, 40.40545], [-74.216137, 40.40561], [-74.216268, 40.405285], [-74.216367, 40.405049], [-74.216532, 40.404655], [-74.216601, 40.404492], [-74.216812, 40.40402], [-74.217132, 40.403237], [-74.21751, 40.402334], [-74.21754, 40.402264], [-74.217736, 40.401797], [-74.217783, 40.401685], [-74.218052, 40.401044], [-74.218294, 40.400467], [-74.218448, 40.400112], [-74.21856, 40.399868], [-74.218698, 40.399628], [-74.219166, 40.399249], [-74.219937, 40.398717], [-74.220272, 40.398444], [-74.220456, 40.398257], [-74.220907, 40.397729], [-74.221125, 40.39747], [-74.221346, 40.397215], [-74.22143, 40.397115], [-74.221552, 40.396973], [-74.221736, 40.396768], [-74.22183, 40.396667], [-74.221987, 40.396516], [-74.222556, 40.396066], [-74.222788, 40.395887], [-74.223058, 40.395674], [-74.223292, 40.395492], [-74.223692, 40.395179], [-74.223749, 40.395134], [-74.223909, 40.395009], [-74.224089, 40.394868], [-74.224272, 40.394725], [-74.224998, 40.394156], [-74.226126, 40.393272], [-74.226662, 40.392846], [-74.22726, 40.392371], [-74.22755, 40.392142], [-74.227922, 40.391849], [-74.228362, 40.391577], [-74.228876, 40.39126], [-74.230782, 40.3901], [-74.231129, 40.389907], [-74.231431, 40.389738], [-74.233203, 40.388665], [-74.234313, 40.387989], [-74.235718, 40.387133], [-74.23611, 40.386953], [-74.236753, 40.386652], [-74.237399, 40.386348], [-74.238968, 40.385616], [-74.239904, 40.385181], [-74.240238, 40.385044], [-74.240385, 40.38477], [-74.24075, 40.384052], [-74.240948, 40.383567], [-74.240972, 40.383511], [-74.241008, 40.383454], [-74.241291, 40.382916], [-74.241734, 40.382841], [-74.24208, 40.382775], [-74.242242, 40.382741], [-74.242648, 40.382671], [-74.243057, 40.382589], [-74.243927, 40.382447], [-74.244306, 40.382358], [-74.244658, 40.38228], [-74.244907, 40.382217], [-74.245072, 40.382159], [-74.245297, 40.382054], [-74.245574, 40.38188], [-74.24597, 40.381587], [-74.246001, 40.38156], [-74.246055, 40.381517], [-74.246567, 40.381115], [-74.247573, 40.380345], [-74.247854, 40.380147], [-74.248279, 40.379903], [-74.248509, 40.379771], [-74.248701, 40.379668], [-74.249902, 40.378972], [-74.2518, 40.377894], [-74.251911, 40.377836], [-74.252173, 40.377715], [-74.252349, 40.377655], [-74.253015, 40.377472], [-74.253383, 40.377339], [-74.253875, 40.377103], [-74.254227, 40.376935], [-74.25462, 40.37674], [-74.25475, 40.376677], [-74.254911, 40.376599], [-74.255302, 40.376409], [-74.255594, 40.376259], [-74.255994, 40.376036], [-74.256166, 40.375933], [-74.256538, 40.375662], [-74.256837, 40.37539], [-74.257079, 40.375145], [-74.257243, 40.37498], [-74.257439, 40.374782], [-74.257633, 40.374586], [-74.2577, 40.374515], [-74.257823, 40.374394], [-74.258065, 40.37415], [-74.258868, 40.37334], [-74.259674, 40.372584], [-74.260182, 40.37212], [-74.260615, 40.371722], [-74.260896, 40.371464], [-74.261293, 40.371099], [-74.261752, 40.371276], [-74.26201, 40.371367], [-74.262155, 40.371435], [-74.263487, 40.372684], [-74.26451, 40.372111], [-74.264678, 40.371934], [-74.26451, 40.372111], [-74.263487, 40.372684], [-74.262954, 40.372989], [-74.26283, 40.373028], [-74.262698, 40.373025], [-74.262564, 40.372984], [-74.262507, 40.372941], [-74.261525, 40.372005], [-74.261487, 40.371933], [-74.261487, 40.371818], [-74.261752, 40.371276], [-74.261293, 40.371099], [-74.261528, 40.370883], [-74.26191, 40.370536], [-74.262267, 40.370213], [-74.262298, 40.370185], [-74.263088, 40.36947], [-74.263213, 40.369358], [-74.263675, 40.368939], [-74.263788, 40.368837], [-74.264026, 40.368622], [-74.265511, 40.367256], [-74.266037, 40.366778], [-74.266232, 40.366602], [-74.267455, 40.365503], [-74.267641, 40.365336], [-74.269008, 40.364115], [-74.269777, 40.363428], [-74.270448, 40.3628], [-74.270905, 40.362383], [-74.271902, 40.361465], [-74.271945, 40.361426], [-74.27304, 40.360429], [-74.273112, 40.360367], [-74.274179, 40.359401], [-74.274732, 40.35891], [-74.274959, 40.358708], [-74.275025, 40.358649], [-74.275096, 40.358586], [-74.275441, 40.358279], [-74.275698, 40.35805], [-74.275925, 40.357844], [-74.277393, 40.356505], [-74.27876, 40.355259], [-74.280168, 40.353998], [-74.28037, 40.353817], [-74.281167, 40.353078], [-74.281594, 40.352659], [-74.282115, 40.352203], [-74.282543, 40.351803], [-74.283005, 40.351529], [-74.283168, 40.351463], [-74.283359, 40.351428], [-74.283569, 40.35144], [-74.284316, 40.351635], [-74.284524, 40.351669], [-74.284751, 40.351659], [-74.28551, 40.351522], [-74.285633, 40.351522], [-74.285792, 40.351555], [-74.285936, 40.351625], [-74.286007, 40.351685], [-74.287059, 40.353091], [-74.287263, 40.353303], [-74.288057, 40.354398], [-74.293063, 40.361563], [-74.293427, 40.362045], [-74.29395, 40.36268], [-74.294567, 40.363356], [-74.29501, 40.3638], [-74.295858, 40.364571], [-74.296447, 40.365057], [-74.296941, 40.365434], [-74.297709, 40.365978], [-74.29828, 40.366348], [-74.299112, 40.366837], [-74.301528, 40.368148], [-74.30404, 40.36943], [-74.304593, 40.369712], [-74.3061, 40.370505], [-74.306545, 40.370725], [-74.312291, 40.373746], [-74.314447, 40.374882], [-74.315621, 40.375452], [-74.316436, 40.375875], [-74.317293, 40.376354], [-74.318589, 40.377138], [-74.319538, 40.377722], [-74.320461, 40.378294], [-74.324041, 40.380468], [-74.324377, 40.380672], [-74.325857, 40.381543], [-74.326499, 40.381956], [-74.326968, 40.382258], [-74.327579, 40.382613], [-74.328292, 40.383026], [-74.3293, 40.383612], [-74.329983, 40.384029], [-74.331798, 40.385246], [-74.333727, 40.386745], [-74.336997, 40.389419], [-74.340095, 40.392036], [-74.34293, 40.394385], [-74.343239, 40.39466], [-74.346114, 40.397078], [-74.346912, 40.397699], [-74.349344, 40.399784], [-74.349972, 40.400315], [-74.350105, 40.400427], [-74.349815, 40.400656], [-74.349279, 40.40108], [-74.347815, 40.400875], [-74.347658, 40.400872], [-74.347621, 40.400773], [-74.347618, 40.400666], [-74.347573, 40.40052], [-74.347443, 40.400375], [-74.347299, 40.400288], [-74.347106, 40.400202], [-74.346881, 40.400131], [-74.345796, 40.399414], [-74.345174, 40.399882], [-74.345601, 40.400182]]}, "properties": {"seed": 3, "km": 83.7, "minutes": 106, "backroad_pct": 42, "state_road_pct": 58, "highway_pct": 46, "stroke": "#d33", "stroke-width": 3}}, {"type": "Feature", "geometry": {"type": "LineString", "coordinates": [[-74.345601, 40.400182], [-74.346271, 40.400653], [-74.346691, 40.401137], [-74.347234, 40.400927], [-74.347658, 40.400872], [-74.347815, 40.400875], [-74.349279, 40.40108], [-74.349815, 40.400656], [-74.350105, 40.400427], [-74.350324, 40.400272], [-74.348687, 40.398842], [-74.348483, 40.398673], [-74.346447, 40.396974], [-74.346217, 40.396778], [-74.34341, 40.394431], [-74.34317, 40.394228], [-74.342914, 40.394016], [-74.342683, 40.393823], [-74.34109, 40.392498], [-74.340965, 40.392394], [-74.340309, 40.391848], [-74.339225, 40.390954], [-74.33903, 40.390793], [-74.338188, 40.390099], [-74.338015, 40.389957], [-74.333925, 40.386585], [-74.332095, 40.385188], [-74.331505, 40.384772], [-74.331011, 40.38442], [-74.329671, 40.383602], [-74.329067, 40.383234], [-74.328046, 40.382611], [-74.327351, 40.382187], [-74.326034, 40.381384], [-74.325857, 40.381543], [-74.325465, 40.381688], [-74.325396, 40.381714], [-74.325092, 40.381797], [-74.324636, 40.381867], [-74.323842, 40.381935], [-74.322483, 40.382114], [-74.322064, 40.382174], [-74.320758, 40.382378], [-74.319161, 40.38252], [-74.318615, 40.382632], [-74.317997, 40.382868], [-74.317601, 40.383045], [-74.316436, 40.383538], [-74.316093, 40.383681], [-74.315656, 40.383821], [-74.314856, 40.38402], [-74.314434, 40.384101], [-74.314015, 40.384159], [-74.313349, 40.384208], [-74.312636, 40.384202], [-74.310705, 40.384169], [-74.309806, 40.384162], [-74.309426, 40.38416], [-74.309015, 40.384156], [-74.308375, 40.384132], [-74.308132, 40.384119], [-74.308118, 40.385599], [-74.307973, 40.387123], [-74.307927, 40.387859], [-74.307911, 40.388117], [-74.307866, 40.388834], [-74.307871, 40.390063], [-74.307904, 40.390789], [-74.307722, 40.392231], [-74.307695, 40.39257], [-74.307678, 40.392983], [-74.307601, 40.393735], [-74.307515, 40.394309], [-74.30744, 40.394749], [-74.307182, 40.396697], [-74.306885, 40.398058], [-74.306832, 40.398583], [-74.306775, 40.39867], [-74.306709, 40.39873], [-74.306628, 40.398767], [-74.30655, 40.398778], [-74.306412, 40.398779], [-74.30564, 40.398712], [-74.305445, 40.398721], [-74.305295, 40.398748], [-74.304493, 40.39899], [-74.304314, 40.399068], [-74.304163, 40.399171], [-74.304013, 40.399335], [-74.303957, 40.399445], [-74.303256, 40.401342], [-74.303234, 40.401449], [-74.303247, 40.401738], [-74.303226, 40.401861], [-74.303112, 40.401983], [-74.30297, 40.402027], [-74.300926, 40.402247], [-74.299831, 40.402439], [-74.298992, 40.402601], [-74.297345, 40.402909], [-74.297235, 40.40293], [-74.295996, 40.403172], [-74.295875, 40.403567], [-74.295779, 40.403904], [-74.295607, 40.404467], [-74.295587, 40.404534], [-74.295305, 40.405484], [-74.294872, 40.406985], [-74.294965, 40.407546], [-74.295099, 40.408739], [-74.295141, 40.409064], [-74.29522, 40.410599], [-74.295087, 40.411597], [-74.294263, 40.41462], [-74.293978, 40.415392], [-74.293775, 40.41594], [-74.293087, 40.4178], [-74.29239, 40.419132], [-74.292008, 40.419941], [-74.291782, 40.420293], [-74.291484, 40.420648], [-74.290041, 40.422002], [-74.289426, 40.422714], [-74.287849, 40.424467], [-74.287837, 40.42448], [-74.287606, 40.424744], [-74.286732, 40.424672], [-74.286332, 40.424682], [-74.286158, 40.424686], [-74.285644, 40.424698], [-74.285492, 40.424709], [-74.28414, 40.424804], [-74.28338, 40.424842], [-74.282421, 40.424897], [-74.28228, 40.42491], [-74.282216, 40.424917], [-74.2817, 40.424987], [-74.281337, 40.425036], [-74.280953, 40.425088], [-74.28058, 40.425138], [-74.280261, 40.425186], [-74.279968, 40.425232], [-74.279775, 40.425259], [-74.279181, 40.425342], [-74.278503, 40.425411], [-74.278412, 40.425417], [-74.277743, 40.425446], [-74.276711, 40.425431], [-74.276027, 40.425411], [-74.275999, 40.42541], [-74.275752, 40.425402], [-74.275062, 40.425372], [-74.274958, 40.425364], [-74.27492, 40.425361], [-74.274579, 40.425333], [-74.27446, 40.425318], [-74.273915, 40.425215], [-74.273709, 40.425171], [-74.273142, 40.425], [-74.27306, 40.425048], [-74.272756, 40.42514], [-74.272148, 40.425163], [-74.271498, 40.42517], [-74.268948, 40.425273], [-74.268375, 40.425297], [-74.267332, 40.425342], [-74.266605, 40.425397], [-74.264217, 40.425576], [-74.262764, 40.425631], [-74.260886, 40.425735], [-74.260267, 40.425765], [-74.25859, 40.425847], [-74.258341, 40.425857], [-74.257988, 40.425951], [-74.257835, 40.426038], [-74.257016, 40.426939], [-74.256893, 40.427107], [-74.2568, 40.427284], [-74.256673, 40.427608], [-74.256654, 40.427649], [-74.256427, 40.428131], [-74.25638, 40.428227], [-74.256288, 40.428334], [-74.25617, 40.428405], [-74.256069, 40.428459], [-74.255878, 40.428509], [-74.255459, 40.428586], [-74.255065, 40.428612], [-74.254893, 40.428624], [-74.25417, 40.428658], [-74.253136, 40.428726], [-74.253014, 40.428733], [-74.252303, 40.428772], [-74.251871, 40.4288], [-74.25157, 40.42882], [-74.250996, 40.428862], [-74.250765, 40.428878], [-74.250635, 40.428887], [-74.250166, 40.42894], [-74.249845, 40.429034], [-74.250032, 40.429531], [-74.250098, 40.429721], [-74.250395, 40.430543], [-74.250521, 40.430878], [-74.250662, 40.431281], [-74.250959, 40.432159], [-74.251082, 40.432532], [-74.251129, 40.432675], [-74.251188, 40.432843], [-74.251238, 40.432992], [-74.251292, 40.433169], [-74.25133, 40.433417], [-74.251303, 40.433873], [-74.251136, 40.435394], [-74.250959, 40.437185], [-74.250887, 40.43794], [-74.250833, 40.43845], [-74.250833, 40.43845], [-74.250833, 40.43845], [-74.250887, 40.43794], [-74.250959, 40.437185], [-74.251136, 40.435394], [-74.251303, 40.433873], [-74.25133, 40.433417], [-74.251292, 40.433169], [-74.251238, 40.432992], [-74.251188, 40.432843], [-74.25094, 40.432907], [-74.250523, 40.433074], [-74.250363, 40.433102], [-74.250203, 40.4331], [-74.249968, 40.433043], [-74.249578, 40.432838], [-74.249282, 40.432716], [-74.248561, 40.432234], [-74.248129, 40.431944], [-74.247462, 40.431531], [-74.246532, 40.431014], [-74.24581, 40.430655], [-74.245074, 40.43032], [-74.244315, 40.430012], [-74.243535, 40.429737], [-74.242742, 40.4295], [-74.241919, 40.429299], [-74.240788, 40.429077], [-74.23939, 40.428856], [-74.238526, 40.42875], [-74.237384, 40.428648], [-74.230766, 40.428264], [-74.230194, 40.428212], [-74.229624, 40.428128], [-74.229062, 40.428027], [-74.228502, 40.427901], [-74.227961, 40.427756], [-74.227428, 40.427588], [-74.226907, 40.427397], [-74.222328, 40.425542], [-74.221612, 40.425236], [-74.221134, 40.42502], [-74.220404, 40.424674], [-74.219439, 40.424177], [-74.218514, 40.423664], [-74.217031, 40.422798], [-74.216362, 40.422408], [-74.213836, 40.420939], [-74.213622, 40.420817], [-74.210281, 40.418872], [-74.209683, 40.418526], [-74.209042, 40.418155], [-74.208033, 40.417563], [-74.206702, 40.416773], [-74.206385, 40.416565], [-74.20576, 40.416123], [-74.205373, 40.415814], [-74.204998, 40.415487], [-74.20431, 40.414808], [-74.203691, 40.414091], [-74.203144, 40.413339], [-74.200873, 40.409633], [-74.200097, 40.408483], [-74.19946, 40.407645], [-74.19879, 40.406825], [-74.198067, 40.40602], [-74.197561, 40.405501], [-74.197096, 40.405055], [-74.196595, 40.404596], [-74.196027, 40.404107], [-74.195442, 40.403638], [-74.194625, 40.403035], [-74.193992, 40.402604], [-74.193126, 40.402055], [-74.190694, 40.40053], [-74.189817, 40.399965], [-74.188738, 40.399226], [-74.187749, 40.398488], [-74.18674, 40.397645], [-74.186002, 40.396964], [-74.185484, 40.396452], [-74.184492, 40.395371], [-74.183724, 40.394456], [-74.183271, 40.393883], [-74.183049, 40.393442], [-74.182851, 40.393123], [-74.182568, 40.392612], [-74.182313, 40.392062], [-74.182, 40.391213], [-74.181884, 40.39073], [-74.181877, 40.390376], [-74.181938, 40.390114], [-74.182012, 40.389946], [-74.182372, 40.389366], [-74.182486, 40.389082], [-74.182573, 40.388772], [-74.182612, 40.388574], [-74.182631, 40.388277], [-74.182609, 40.387926], [-74.182575, 40.387731], [-74.18246, 40.387417], [-74.182369, 40.38728], [-74.182209, 40.387097], [-74.181935, 40.386885], [-74.182566, 40.386406], [-74.183039, 40.386028], [-74.18316, 40.385875], [-74.183293, 40.385646], [-74.183482, 40.385404], [-74.183746, 40.385207], [-74.18446, 40.384711], [-74.184732, 40.384495], [-74.18522, 40.383934], [-74.18558, 40.383511], [-74.184585, 40.383102], [-74.183678, 40.382734], [-74.182335, 40.382155], [-74.181079, 40.381589], [-74.178767, 40.380545], [-74.177266, 40.379837], [-74.176696, 40.379609], [-74.176418, 40.379504], [-74.17622, 40.379449], [-74.175506, 40.380404], [-74.174943, 40.381377], [-74.174816, 40.38154], [-74.174642, 40.381719], [-74.174448, 40.38159], [-74.174365, 40.381552], [-74.174145, 40.381489], [-74.173941, 40.38147], [-74.173526, 40.381521], [-74.17312, 40.381573], [-74.172807, 40.381553], [-74.172524, 40.381475], [-74.172348, 40.381388], [-74.171883, 40.381056], [-74.171507, 40.380799], [-74.170984, 40.380575], [-74.170816, 40.380462], [-74.170712, 40.380336], [-74.170657, 40.380202], [-74.170646, 40.380079], [-74.170679, 40.379925], [-74.170362, 40.379828], [-74.170097, 40.379744], [-74.16968, 40.379513], [-74.169324, 40.379285], [-74.169473, 40.379132], [-74.169615, 40.378919], [-74.169687, 40.378694], [-74.16974, 40.378279], [-74.169776, 40.378166], [-74.16987, 40.377977], [-74.170011, 40.377783], [-74.170461, 40.377345], [-74.17061, 40.377438], [-74.170733, 40.377481], [-74.170882, 40.377492], [-74.171066, 40.377451], [-74.171221, 40.377348], [-74.171678, 40.37693], [-74.168972, 40.37529], [-74.170227, 40.374089], [-74.173894, 40.37069], [-74.173992, 40.370615], [-74.174181, 40.370521], [-74.174383, 40.370457], [-74.176391, 40.370064], [-74.178547, 40.369639], [-74.179176, 40.369537], [-74.181258, 40.36932], [-74.181599, 40.369235], [-74.181864, 40.369136], [-74.182202, 40.368916], [-74.182348, 40.368782], [-74.18254, 40.368534], [-74.183743, 40.366263], [-74.183908, 40.366012], [-74.184059, 40.365834], [-74.184272, 40.365612], [-74.184662, 40.365275], [-74.185734, 40.364376], [-74.187272, 40.36308], [-74.187575, 40.362862], [-74.187501, 40.362461], [-74.187273, 40.361131], [-74.186776, 40.358325], [-74.186394, 40.356183], [-74.186365, 40.356016], [-74.186251, 40.355366], [-74.186197, 40.355056], [-74.186147, 40.354766], [-74.186032, 40.354108], [-74.185897, 40.353331], [-74.185542, 40.351268], [-74.185433, 40.350654], [-74.185129, 40.349072], [-74.185074, 40.348774], [-74.185011, 40.34843], [-74.184979, 40.348254], [-74.184751, 40.346978], [-74.184703, 40.346707], [-74.184631, 40.346303], [-74.184524, 40.345742], [-74.18445, 40.345372], [-74.184453, 40.345156], [-74.184455, 40.344996], [-74.184476, 40.344832], [-74.184581, 40.344199], [-74.184615, 40.343998], [-74.184745, 40.343255], [-74.184847, 40.342709], [-74.184895, 40.342496], [-74.184978, 40.34195], [-74.18499, 40.34187], [-74.18503, 40.341636], [-74.185275, 40.340142], [-74.185345, 40.339774], [-74.185451, 40.339571], [-74.185634, 40.339371], [-74.18703, 40.338244], [-74.187134, 40.33816], [-74.187171, 40.338131], [-74.188026, 40.337414], [-74.18884, 40.336801], [-74.189176, 40.336544], [-74.189368, 40.336374], [-74.190308, 40.335338], [-74.190355, 40.335286], [-74.19076, 40.334685], [-74.191001, 40.334252], [-74.191128, 40.333977], [-74.191201, 40.333668], [-74.191204, 40.333368], [-74.19116, 40.333088], [-74.191065, 40.332762], [-74.190492, 40.331104], [-74.19022, 40.330157], [-74.190168, 40.329677], [-74.190065, 40.329479], [-74.189789, 40.32895], [-74.188894, 40.32723], [-74.188853, 40.327153], [-74.188216, 40.32593], [-74.188162, 40.325825], [-74.18809, 40.325687], [-74.188358, 40.325584], [-74.188457, 40.325524], [-74.188559, 40.325431], [-74.189506, 40.324375], [-74.189801, 40.324003], [-74.189955, 40.323762], [-74.191428, 40.321135], [-74.191743, 40.320575], [-74.192331, 40.31949], [-74.192483, 40.319243], [-74.192775, 40.318685], [-74.192887, 40.31835], [-74.192929, 40.318164], [-74.192954, 40.317943], [-74.192955, 40.317692], [-74.192937, 40.317508], [-74.19287, 40.317201], [-74.192735, 40.316853], [-74.19232, 40.316125], [-74.192254, 40.31596], [-74.193337, 40.315384], [-74.193791, 40.315164], [-74.194501, 40.31479], [-74.195517, 40.314255], [-74.195724, 40.314178], [-74.196068, 40.314103], [-74.196653, 40.314005], [-74.196852, 40.313949], [-74.197853, 40.313602], [-74.199774, 40.312941], [-74.200144, 40.312785], [-74.20085, 40.312429], [-74.202136, 40.311803], [-74.202593, 40.311592], [-74.202993, 40.311434], [-74.204099, 40.31106], [-74.204368, 40.310922], [-74.204426, 40.310962], [-74.204497, 40.310987], [-74.204575, 40.310993], [-74.204652, 40.31098], [-74.204719, 40.310949], [-74.204769, 40.310903], [-74.204804, 40.310801], [-74.204791, 40.310748], [-74.20471, 40.310661], [-74.204883, 40.310443], [-74.204976, 40.310389], [-74.206507, 40.309631], [-74.206975, 40.309371], [-74.207133, 40.309278], [-74.207749, 40.308862], [-74.208773, 40.308008], [-74.208912, 40.307884], [-74.209323, 40.307416], [-74.209975, 40.306615], [-74.210203, 40.30636], [-74.21055, 40.306031], [-74.210949, 40.305658], [-74.211439, 40.30524], [-74.212826, 40.304234], [-74.213368, 40.303818], [-74.213597, 40.303689], [-74.214052, 40.303533], [-74.214984, 40.303284], [-74.218136, 40.302452], [-74.221238, 40.301787], [-74.222727, 40.301409], [-74.223162, 40.301302], [-74.22417, 40.301053], [-74.224339, 40.301033], [-74.224804, 40.301029], [-74.225444, 40.30112], [-74.226067, 40.301258], [-74.226998, 40.301473], [-74.227256, 40.301524], [-74.227778, 40.301566], [-74.228004, 40.301561], [-74.228502, 40.3015], [-74.229078, 40.301389], [-74.228571, 40.300036], [-74.228465, 40.299747], [-74.228271, 40.299192], [-74.228253, 40.299045], [-74.228274, 40.298904], [-74.228348, 40.29871], [-74.229157, 40.297152], [-74.229322, 40.297185], [-74.229727, 40.297195], [-74.230639, 40.297122], [-74.230868, 40.297131], [-74.231156, 40.2972], [-74.231742, 40.297469], [-74.231284, 40.298137], [-74.231199, 40.298307], [-74.231184, 40.298512], [-74.231211, 40.298666], [-74.231372, 40.299161], [-74.231579, 40.2998], [-74.231679, 40.300187], [-74.23178, 40.300575], [-74.231847, 40.300832], [-74.232126, 40.300792], [-74.232438, 40.300745], [-74.234217, 40.300542], [-74.235123, 40.300444], [-74.235746, 40.30034], [-74.237319, 40.299978], [-74.237989, 40.29982], [-74.238186, 40.299773], [-74.238462, 40.29968], [-74.23889, 40.299507], [-74.239306, 40.299286], [-74.239677, 40.29904], [-74.239952, 40.298812], [-74.240186, 40.298577], [-74.240965, 40.297618], [-74.241547, 40.296873], [-74.24212, 40.296144], [-74.242781, 40.29528], [-74.242988, 40.294995], [-74.243274, 40.294546], [-74.243462, 40.294225], [-74.243598, 40.293986], [-74.243686, 40.293783], [-74.243777, 40.293437], [-74.243784, 40.293144], [-74.243785, 40.292998], [-74.243737, 40.292727], [-74.24365, 40.292467], [-74.243503, 40.292176], [-74.243224, 40.291788], [-74.243087, 40.291605], [-74.242963, 40.291378], [-74.242898, 40.291162], [-74.242821, 40.290738], [-74.242803, 40.290325], [-74.242826, 40.290008], [-74.242944, 40.289547], [-74.243105, 40.289179], [-74.243281, 40.289012], [-74.243919, 40.288493], [-74.245867, 40.286912], [-74.24848, 40.284731], [-74.249289, 40.284062], [-74.249515, 40.283839], [-74.249683, 40.283652], [-74.249869, 40.283384], [-74.250074, 40.28302], [-74.25074, 40.281962], [-74.254058, 40.283767], [-74.254279, 40.283885], [-74.255465, 40.284512], [-74.255878, 40.284691], [-74.256246, 40.284829], [-74.256935, 40.285038], [-74.25877, 40.285423], [-74.259739, 40.285622], [-74.259799, 40.285635], [-74.260412, 40.285771], [-74.26143, 40.285997], [-74.262394, 40.286165], [-74.263296, 40.286278], [-74.264312, 40.286373], [-74.264487, 40.286386], [-74.264529, 40.28639], [-74.264803, 40.286412], [-74.267187, 40.286375], [-74.267259, 40.286373], [-74.267365, 40.28637], [-74.268299, 40.286342], [-74.268903, 40.286305], [-74.269859, 40.286247], [-74.270221, 40.286225], [-74.271067, 40.286184], [-74.272121, 40.286123], [-74.272638, 40.286098], [-74.273046, 40.286105], [-74.273892, 40.286147], [-74.274684, 40.286193], [-74.27508, 40.286235], [-74.275335, 40.286281], [-74.276173, 40.286443], [-74.279324, 40.287104], [-74.279716, 40.287155], [-74.280443, 40.28713], [-74.281821, 40.287087], [-74.28306, 40.287051], [-74.283495, 40.287042], [-74.284377, 40.287025], [-74.284992, 40.287081], [-74.286518, 40.287447], [-74.287712, 40.287735], [-74.288115, 40.287811], [-74.288531, 40.287879], [-74.288944, 40.287923], [-74.289419, 40.287947], [-74.289798, 40.287945], [-74.29011, 40.287942], [-74.290522, 40.287914], [-74.291159, 40.287836], [-74.291956, 40.28768], [-74.292324, 40.287598], [-74.292569, 40.287544], [-74.292937, 40.287464], [-74.294023, 40.287237], [-74.294445, 40.287857], [-74.294827, 40.288385], [-74.295295, 40.289027], [-74.295382, 40.289149], [-74.295853, 40.289674], [-74.296011, 40.289878], [-74.296267, 40.290315], [-74.296428, 40.290406], [-74.296814, 40.291056], [-74.297621, 40.292188], [-74.298372, 40.293243], [-74.298565, 40.293504], [-74.298778, 40.293792], [-74.298859, 40.293901], [-74.299485, 40.294747], [-74.299592, 40.294892], [-74.299804, 40.295182], [-74.300009, 40.295466], [-74.300377, 40.295975], [-74.302043, 40.298288], [-74.302445, 40.298913], [-74.302706, 40.299446], [-74.303025, 40.300129], [-74.303276, 40.300828], [-74.303357, 40.301102], [-74.303471, 40.301549], [-74.303355, 40.301833], [-74.302914, 40.302395], [-74.302879, 40.30254], [-74.303017, 40.302682], [-74.303183, 40.302647], [-74.303621, 40.302551], [-74.303822, 40.302508], [-74.304168, 40.302435], [-74.304385, 40.302389], [-74.304679, 40.302344], [-74.304736, 40.302335], [-74.305194, 40.302238], [-74.305529, 40.302172], [-74.305804, 40.302115], [-74.306091, 40.302054], [-74.306651, 40.30194], [-74.307231, 40.301822], [-74.307647, 40.301701], [-74.307802, 40.301638], [-74.308111, 40.301471], [-74.308577, 40.301204], [-74.308773, 40.301079], [-74.30887, 40.301025], [-74.309527, 40.300651], [-74.310419, 40.300158], [-74.310856, 40.299948], [-74.311155, 40.299858], [-74.311332, 40.299825], [-74.311675, 40.299794], [-74.313295, 40.299685], [-74.314533, 40.299593], [-74.315459, 40.299523], [-74.316307, 40.299471], [-74.31664, 40.299454], [-74.316795, 40.299446], [-74.317094, 40.299432], [-74.317222, 40.299425], [-74.317684, 40.299401], [-74.3181, 40.299389], [-74.319173, 40.299351], [-74.319614, 40.299334], [-74.319597, 40.301228], [-74.319595, 40.301312], [-74.319578, 40.302643], [-74.319558, 40.303312], [-74.319538, 40.304461], [-74.319573, 40.3047], [-74.319738, 40.304965], [-74.320299, 40.305641], [-74.320571, 40.305948], [-74.322121, 40.307778], [-74.322882, 40.308671], [-74.323084, 40.308544], [-74.323701, 40.308242], [-74.324487, 40.307869], [-74.325004, 40.307624], [-74.325829, 40.307234], [-74.326223, 40.307047], [-74.327456, 40.306463], [-74.327518, 40.306434], [-74.328358, 40.306036], [-74.328973, 40.305746], [-74.329272, 40.305616], [-74.32984, 40.305336], [-74.330048, 40.305235], [-74.33195, 40.304336], [-74.333324, 40.303689], [-74.333787, 40.303465], [-74.33455, 40.303106], [-74.334749, 40.30304], [-74.334949, 40.302975], [-74.335346, 40.302883], [-74.33549, 40.30287], [-74.337482, 40.302789], [-74.337872, 40.302777], [-74.338121, 40.302768], [-74.338796, 40.302751], [-74.339164, 40.30274], [-74.339895, 40.302717], [-74.340429, 40.302724], [-74.34167, 40.302834], [-74.34203, 40.302871], [-74.341921, 40.303509], [-74.341868, 40.303626], [-74.341647, 40.303991], [-74.341568, 40.304194], [-74.341566, 40.304347], [-74.341761, 40.306454], [-74.341852, 40.307469], [-74.341951, 40.308588], [-74.342669, 40.308566], [-74.34284, 40.308611], [-74.342952, 40.308672], [-74.34345, 40.309101], [-74.343615, 40.309218], [-74.343806, 40.309327], [-74.345689, 40.310102], [-74.345933, 40.309696], [-74.346413, 40.308993], [-74.344389, 40.308176], [-74.344237, 40.308095], [-74.344017, 40.307925], [-74.343899, 40.307789], [-74.343621, 40.307306], [-74.344021, 40.30711], [-74.344338, 40.306912], [-74.344432, 40.306822], [-74.344491, 40.306694], [-74.34453, 40.306372], [-74.34458, 40.306191], [-74.344993, 40.305297], [-74.345128, 40.304991], [-74.345192, 40.304733], [-74.345254, 40.304096], [-74.345375, 40.303166], [-74.346945, 40.303283], [-74.348168, 40.30338], [-74.34824, 40.303385], [-74.348773, 40.303426], [-74.348986, 40.303434], [-74.349287, 40.303403], [-74.350444, 40.303204], [-74.350747, 40.303152], [-74.350887, 40.303129], [-74.351188, 40.303078], [-74.351419, 40.30304], [-74.353236, 40.302746], [-74.354223, 40.302582], [-74.354643, 40.302512], [-74.354915, 40.302467], [-74.355101, 40.302436], [-74.355312, 40.3024], [-74.355375, 40.302389], [-74.356725, 40.302139], [-74.356768, 40.302299], [-74.356986, 40.302797], [-74.357164, 40.303226], [-74.357315, 40.303575], [-74.357403, 40.303783], [-74.357613, 40.304265], [-74.357885, 40.304874], [-74.358142, 40.305491], [-74.358261, 40.305778], [-74.358438, 40.306206], [-74.358572, 40.306525], [-74.3587, 40.306821], [-74.358813, 40.307083], [-74.358845, 40.307158], [-74.35899, 40.307495], [-74.359177, 40.307936], [-74.359791, 40.309384], [-74.359989, 40.309862], [-74.360321, 40.310634], [-74.360549, 40.311171], [-74.360613, 40.311323], [-74.360732, 40.311608], [-74.360761, 40.311677], [-74.360824, 40.311828], [-74.361109, 40.312509], [-74.361218, 40.312769], [-74.361354, 40.313113], [-74.361667, 40.313889], [-74.361793, 40.3142], [-74.361856, 40.314351], [-74.36253, 40.316009], [-74.36264, 40.316353], [-74.36267, 40.316504], [-74.362691, 40.316606], [-74.362691, 40.316877], [-74.362665, 40.317074], [-74.362601, 40.317753], [-74.362479, 40.318545], [-74.36244, 40.318798], [-74.362225, 40.319672], [-74.362101, 40.320174], [-74.362026, 40.320455], [-74.361841, 40.321151], [-74.361582, 40.322186], [-74.361367, 40.323152], [-74.361312, 40.323351], [-74.361114, 40.324227], [-74.361063, 40.324512], [-74.361058, 40.324544], [-74.360966, 40.325134], [-74.360978, 40.325285], [-74.361011, 40.325641], [-74.361075, 40.325889], [-74.361433, 40.32681], [-74.361519, 40.327109], [-74.361571, 40.327631], [-74.361559, 40.328046], [-74.361449, 40.328545], [-74.361107, 40.330117], [-74.361074, 40.330233], [-74.361008, 40.330461], [-74.360442, 40.333106], [-74.359864, 40.33544], [-74.359628, 40.336647], [-74.358969, 40.339437], [-74.358717, 40.34065], [-74.358621, 40.341116], [-74.358521, 40.3416], [-74.358445, 40.341964], [-74.35836, 40.342374], [-74.358348, 40.342432], [-74.358258, 40.342864], [-74.358142, 40.343431], [-74.357948, 40.344365], [-74.357508, 40.346322], [-74.357464, 40.346517], [-74.357461, 40.346531], [-74.357388, 40.346856], [-74.357195, 40.347709], [-74.35718, 40.347773], [-74.357138, 40.347959], [-74.356851, 40.349231], [-74.356468, 40.350697], [-74.356394, 40.350982], [-74.356296, 40.351359], [-74.356284, 40.351402], [-74.356262, 40.351498], [-74.356176, 40.351868], [-74.355926, 40.352927], [-74.355908, 40.353002], [-74.355648, 40.354034], [-74.355604, 40.354202], [-74.355497, 40.354684], [-74.355401, 40.355098], [-74.355255, 40.355705], [-74.355225, 40.355827], [-74.355022, 40.356667], [-74.354872, 40.357257], [-74.35452, 40.358624], [-74.354481, 40.358777], [-74.354454, 40.358878], [-74.35444, 40.358933], [-74.354373, 40.359195], [-74.354294, 40.359541], [-74.354082, 40.360511], [-74.354087, 40.36094], [-74.354396, 40.362497], [-74.355012, 40.365316], [-74.355031, 40.365405], [-74.355231, 40.366319], [-74.355423, 40.367205], [-74.355452, 40.367343], [-74.355553, 40.367851], [-74.355739, 40.368795], [-74.355872, 40.369468], [-74.356007, 40.370151], [-74.356069, 40.370565], [-74.356092, 40.370715], [-74.356145, 40.371075], [-74.356273, 40.371939], [-74.35629, 40.372052], [-74.356759, 40.375406], [-74.356957, 40.376832], [-74.357376, 40.37976], [-74.358138, 40.384741], [-74.358407, 40.386637], [-74.358538, 40.387396], [-74.358683, 40.388479], [-74.358904, 40.390021], [-74.358949, 40.390302], [-74.359197, 40.392294], [-74.359236, 40.392552], [-74.359487, 40.394171], [-74.359531, 40.39445], [-74.35954, 40.394517], [-74.359605, 40.395029], [-74.359725, 40.395667], [-74.359882, 40.396559], [-74.360257, 40.398776], [-74.360313, 40.399099], [-74.360374, 40.399451], [-74.360451, 40.399904], [-74.36049, 40.400148], [-74.360611, 40.400832], [-74.360673, 40.40114], [-74.360719, 40.401503], [-74.360814, 40.402193], [-74.36093, 40.402859], [-74.360988, 40.403191], [-74.361046, 40.403525], [-74.361166, 40.404207], [-74.36121, 40.404463], [-74.361244, 40.404655], [-74.361269, 40.404798], [-74.361289, 40.404918], [-74.361379, 40.405614], [-74.361451, 40.406254], [-74.361457, 40.406305], [-74.361515, 40.406922], [-74.359787, 40.407082], [-74.359546, 40.407088], [-74.359, 40.406876], [-74.358717, 40.406803], [-74.358578, 40.406705], [-74.358272, 40.406496], [-74.357793, 40.406175], [-74.357399, 40.40591], [-74.356911, 40.405578], [-74.356416, 40.405239], [-74.355904, 40.40486], [-74.355678, 40.404696], [-74.354421, 40.403688], [-74.353288, 40.402741], [-74.351203, 40.401], [-74.350324, 40.400272], [-74.350105, 40.400427], [-74.349815, 40.400656], [-74.349279, 40.40108], [-74.347815, 40.400875], [-74.347658, 40.400872], [-74.347621, 40.400773], [-74.347618, 40.400666], [-74.347573, 40.40052], [-74.347443, 40.400375], [-74.347299, 40.400288], [-74.347106, 40.400202], [-74.346881, 40.400131], [-74.345796, 40.399414], [-74.345174, 40.399882], [-74.345601, 40.400182]]}, "properties": {"seed": 4, "km": 69.2, "minutes": 90, "backroad_pct": 73, "state_road_pct": 27, "highway_pct": 12, "stroke": "#d33", "stroke-width": 3}}, {"type": "Feature", "geometry": {"type": "LineString", "coordinates": [[-74.345601, 40.400182], [-74.346271, 40.400653], [-74.346691, 40.401137], [-74.347234, 40.400927], [-74.347658, 40.400872], [-74.347815, 40.400875], [-74.349279, 40.40108], [-74.349815, 40.400656], [-74.350105, 40.400427], [-74.354207, 40.403745], [-74.35578, 40.404928], [-74.356842, 40.405664], [-74.358579, 40.406855], [-74.358998, 40.407165], [-74.359374, 40.407474], [-74.36001, 40.408124], [-74.360769, 40.409021], [-74.36113, 40.409397], [-74.361607, 40.409813], [-74.362013, 40.410099], [-74.362663, 40.410517], [-74.364928, 40.411817], [-74.366259, 40.412769], [-74.367635, 40.413832], [-74.367735, 40.413908], [-74.369078, 40.415022], [-74.370672, 40.416186], [-74.371004, 40.416443], [-74.372002, 40.417192], [-74.372666, 40.417689], [-74.372926, 40.417884], [-74.373336, 40.418186], [-74.373778, 40.418503], [-74.374371, 40.418961], [-74.374884, 40.419441], [-74.375187, 40.419764], [-74.375348, 40.419953], [-74.375848, 40.420491], [-74.375933, 40.420583], [-74.376318, 40.420998], [-74.376589, 40.421297], [-74.376688, 40.421406], [-74.376852, 40.421588], [-74.377042, 40.421797], [-74.377398, 40.42219], [-74.377519, 40.422324], [-74.377903, 40.422732], [-74.378171, 40.423007], [-74.378708, 40.423559], [-74.378792, 40.423645], [-74.378896, 40.423752], [-74.378912, 40.423768], [-74.379818, 40.42474], [-74.380003, 40.424942], [-74.380078, 40.425025], [-74.380266, 40.425232], [-74.380837, 40.425849], [-74.381111, 40.426137], [-74.381406, 40.426437], [-74.382499, 40.427639], [-74.382683, 40.427841], [-74.382926, 40.4281], [-74.383172, 40.428363], [-74.38338, 40.428585], [-74.383494, 40.428712], [-74.38389, 40.42913], [-74.384324, 40.429593], [-74.384926, 40.430229], [-74.3852, 40.430518], [-74.385327, 40.430653], [-74.385621, 40.430964], [-74.385708, 40.431056], [-74.3859, 40.431258], [-74.386263, 40.431642], [-74.386456, 40.431846], [-74.387115, 40.432573], [-74.38721, 40.432679], [-74.387619, 40.433134], [-74.387962, 40.433516], [-74.388506, 40.434111], [-74.388987, 40.434627], [-74.389316, 40.434983], [-74.389665, 40.43536], [-74.390185, 40.435923], [-74.390507, 40.436273], [-74.390585, 40.436357], [-74.390727, 40.436511], [-74.391019, 40.436826], [-74.391324, 40.437155], [-74.391603, 40.437448], [-74.391657, 40.437505], [-74.391919, 40.437792], [-74.392171, 40.438044], [-74.39238, 40.438295], [-74.392532, 40.43846], [-74.392584, 40.438521], [-74.392588, 40.438598], [-74.392622, 40.438659], [-74.392634, 40.438731], [-74.392607, 40.438817], [-74.392408, 40.43903], [-74.39237, 40.439126], [-74.39228, 40.439231], [-74.392176, 40.439289], [-74.392076, 40.43939], [-74.392071, 40.439496], [-74.392094, 40.439585], [-74.392204, 40.439681], [-74.392319, 40.439737], [-74.39283, 40.439773], [-74.393213, 40.439717], [-74.393384, 40.439673], [-74.393747, 40.439532], [-74.393929, 40.43943], [-74.394112, 40.439281], [-74.394251, 40.439077], [-74.394306, 40.438878], [-74.394342, 40.43839], [-74.394386, 40.438038], [-74.394441, 40.437882], [-74.394523, 40.43773], [-74.394643, 40.437586], [-74.394807, 40.437436], [-74.394855, 40.437358], [-74.394882, 40.437335], [-74.395097, 40.437217], [-74.39575, 40.436858], [-74.395877, 40.436789], [-74.396233, 40.436593], [-74.39637, 40.436518], [-74.396865, 40.436234], [-74.397119, 40.436089], [-74.398288, 40.435432], [-74.398838, 40.435128], [-74.399436, 40.434797], [-74.399831, 40.434579], [-74.399994, 40.434493], [-74.400394, 40.434284], [-74.400427, 40.434267], [-74.400768, 40.434088], [-74.401535, 40.433686], [-74.402419, 40.433209], [-74.402637, 40.433054], [-74.402783, 40.432949], [-74.403068, 40.432643], [-74.403292, 40.432319], [-74.403379, 40.432194], [-74.40345, 40.432049], [-74.4036, 40.431747], [-74.403689, 40.431551], [-74.403888, 40.431055], [-74.404079, 40.430628], [-74.404305, 40.430135], [-74.404461, 40.429802], [-74.404629, 40.429495], [-74.404649, 40.429462], [-74.404916, 40.429022], [-74.405422, 40.428452], [-74.406266, 40.427612], [-74.406426, 40.427474], [-74.407351, 40.426845], [-74.407809, 40.4266], [-74.408289, 40.426406], [-74.408458, 40.426353], [-74.408834, 40.426242], [-74.40922, 40.426168], [-74.409764, 40.42608], [-74.410877, 40.426008], [-74.411739, 40.425915], [-74.412529, 40.425807], [-74.413719, 40.425661], [-74.414192, 40.425596], [-74.414774, 40.425553], [-74.416278, 40.425507], [-74.41695, 40.42547], [-74.417221, 40.425436], [-74.418112, 40.425254], [-74.418495, 40.425162], [-74.418918, 40.425039], [-74.419603, 40.424868], [-74.419903, 40.424778], [-74.42059, 40.424536], [-74.420618, 40.424526], [-74.420889, 40.424414], [-74.422056, 40.424056], [-74.422901, 40.423875], [-74.423708, 40.423703], [-74.424289, 40.423551], [-74.424725, 40.423474], [-74.425102, 40.423366], [-74.4258, 40.423119], [-74.426445, 40.422854], [-74.42734, 40.422524], [-74.428333, 40.422164], [-74.429956, 40.421696], [-74.430086, 40.421639], [-74.430316, 40.421497], [-74.430631, 40.421272], [-74.430892, 40.421053], [-74.431208, 40.421319], [-74.431469, 40.42151], [-74.431886, 40.421843], [-74.432608, 40.422334], [-74.433107, 40.422714], [-74.433464, 40.422985], [-74.43396, 40.423369], [-74.434541, 40.423835], [-74.435129, 40.424303], [-74.435395, 40.424491], [-74.435715, 40.424669], [-74.436407, 40.424909], [-74.436842, 40.424989], [-74.43782, 40.425077], [-74.438297, 40.425087], [-74.438558, 40.425105], [-74.439233, 40.425193], [-74.440654, 40.425383], [-74.442727, 40.425654], [-74.442963, 40.425686], [-74.443436, 40.425769], [-74.44367, 40.425836], [-74.444056, 40.426008], [-74.444263, 40.426136], [-74.444437, 40.426271], [-74.445052, 40.42697], [-74.445402, 40.427515], [-74.445463, 40.427584], [-74.445946, 40.42807], [-74.446374, 40.428324], [-74.447178, 40.428506], [-74.448981, 40.428724], [-74.4493, 40.428785], [-74.449639, 40.428941], [-74.449761, 40.429013], [-74.450324, 40.429358], [-74.451112, 40.429837], [-74.452477, 40.42852], [-74.45402, 40.427013], [-74.455155, 40.425948], [-74.455513, 40.425601], [-74.455155, 40.425948], [-74.45402, 40.427013], [-74.452477, 40.42852], [-74.451112, 40.429837], [-74.450471, 40.430469], [-74.447528, 40.433327], [-74.445951, 40.435009], [-74.445436, 40.435502], [-74.445023, 40.435875], [-74.444367, 40.436466], [-74.443701, 40.437066], [-74.443356, 40.437399], [-74.443, 40.437752], [-74.442232, 40.438526], [-74.441875, 40.438886], [-74.441839, 40.438922], [-74.441157, 40.439608], [-74.439583, 40.441177], [-74.439336, 40.441364], [-74.43789, 40.442347], [-74.437735, 40.442447], [-74.437613, 40.442464], [-74.437568, 40.442589], [-74.437451, 40.44273], [-74.437287, 40.442911], [-74.437157, 40.443075], [-74.437145, 40.44309], [-74.437042, 40.44325], [-74.436893, 40.443613], [-74.436762, 40.443899], [-74.436507, 40.444268], [-74.435687, 40.4453], [-74.4345, 40.446561], [-74.434221, 40.446853], [-74.434172, 40.446904], [-74.433935, 40.447068], [-74.433955, 40.447208], [-74.43405, 40.447762], [-74.434111, 40.448258], [-74.434143, 40.448383], [-74.434205, 40.448505], [-74.434673, 40.449198], [-74.435218, 40.450002], [-74.435314, 40.450149], [-74.435416, 40.450251], [-74.435518, 40.450333], [-74.435613, 40.450407], [-74.435781, 40.450538], [-74.435808, 40.450559], [-74.436079, 40.450755], [-74.435924, 40.450973], [-74.435807, 40.451183], [-74.435745, 40.451295], [-74.435724, 40.451334], [-74.435627, 40.451508], [-74.435571, 40.451609], [-74.435485, 40.451764], [-74.435456, 40.451816], [-74.435228, 40.452277], [-74.434965, 40.452709], [-74.434837, 40.452838], [-74.434644, 40.452983], [-74.434534, 40.453052], [-74.433997, 40.453324], [-74.433934, 40.453354], [-74.432251, 40.454207], [-74.431364, 40.454697], [-74.430384, 40.455272], [-74.430311, 40.455314], [-74.429586, 40.455735], [-74.428606, 40.456294], [-74.42839, 40.456394], [-74.427767, 40.456637], [-74.427633, 40.456663], [-74.427474, 40.456666], [-74.427318, 40.45664], [-74.426746, 40.456427], [-74.426166, 40.456209], [-74.425735, 40.456034], [-74.425359, 40.455884], [-74.425147, 40.455808], [-74.424752, 40.455685], [-74.42481, 40.456007], [-74.424862, 40.456403], [-74.424949, 40.457049], [-74.424964, 40.457178], [-74.425009, 40.457531], [-74.42504, 40.457828], [-74.425037, 40.458216], [-74.425063, 40.458424], [-74.425085, 40.45859], [-74.425179, 40.459392], [-74.425214, 40.459675], [-74.42524, 40.459884], [-74.425512, 40.46205], [-74.425544, 40.462326], [-74.425994, 40.46441], [-74.426195, 40.46532], [-74.426277, 40.46569], [-74.426543, 40.4669], [-74.426668, 40.467451], [-74.426788, 40.468061], [-74.426864, 40.468699], [-74.426948, 40.470834], [-74.427036, 40.4724], [-74.427085, 40.473037], [-74.427033, 40.473448], [-74.426996, 40.47356], [-74.426936, 40.473667], [-74.426807, 40.473799], [-74.426139, 40.474257], [-74.426012, 40.474411], [-74.425951, 40.474532], [-74.42591, 40.474726], [-74.425919, 40.474846], [-74.425988, 40.475028], [-74.426161, 40.475357], [-74.426183, 40.47545], [-74.426178, 40.475532], [-74.426144, 40.475616], [-74.426023, 40.475785], [-74.425606, 40.476263], [-74.423934, 40.477623], [-74.421681, 40.479472], [-74.421311, 40.479807], [-74.420785, 40.480327], [-74.419894, 40.481302], [-74.418121, 40.483327], [-74.417797, 40.483705], [-74.417741, 40.48377], [-74.417479, 40.483938], [-74.417316, 40.484015], [-74.417113, 40.48406], [-74.41689, 40.484068], [-74.416811, 40.48406], [-74.416366, 40.484009], [-74.416225, 40.483985], [-74.416108, 40.483951], [-74.415994, 40.483897], [-74.415843, 40.483796], [-74.415743, 40.483706], [-74.415683, 40.483571], [-74.415672, 40.483478], [-74.415691, 40.483398], [-74.415743, 40.48331], [-74.415827, 40.483238], [-74.415925, 40.483183], [-74.416163, 40.483099], [-74.416374, 40.483043], [-74.416843, 40.482909], [-74.417125, 40.482912], [-74.417416, 40.482949], [-74.417725, 40.483029], [-74.417983, 40.483139], [-74.418301, 40.483336], [-74.418435, 40.483452], [-74.418544, 40.483574], [-74.419075, 40.48422], [-74.419224, 40.484377], [-74.419377, 40.484502], [-74.419575, 40.484627], [-74.419811, 40.484747], [-74.420172, 40.484891], [-74.420675, 40.48503], [-74.421193, 40.485115], [-74.422037, 40.485251], [-74.422231, 40.485282], [-74.422742, 40.485369], [-74.422811, 40.48538], [-74.42507, 40.485691], [-74.425913, 40.485823], [-74.426995, 40.486023], [-74.427754, 40.486168], [-74.428429, 40.486272], [-74.431888, 40.486885], [-74.432648, 40.487061], [-74.433456, 40.487302], [-74.433865, 40.487442], [-74.434359, 40.487635], [-74.434687, 40.487786], [-74.435151, 40.488027], [-74.435592, 40.488287], [-74.435887, 40.488487], [-74.436292, 40.488791], [-74.436613, 40.489059], [-74.436936, 40.489375], [-74.437169, 40.489631], [-74.437461, 40.489988], [-74.437656, 40.490268], [-74.437929, 40.490712], [-74.438413, 40.49156], [-74.438722, 40.492185], [-74.438834, 40.492504], [-74.438917, 40.492827], [-74.439108, 40.49399], [-74.439216, 40.494479], [-74.439669, 40.495945], [-74.439932, 40.496975], [-74.44006, 40.497536], [-74.440226, 40.498233], [-74.440454, 40.498881], [-74.440559, 40.499085], [-74.440815, 40.499467], [-74.440968, 40.499654], [-74.44123, 40.499916], [-74.441514, 40.500169], [-74.442025, 40.500553], [-74.442495, 40.500872], [-74.443155, 40.501277], [-74.443725, 40.501602], [-74.444608, 40.502119], [-74.445489, 40.502667], [-74.449186, 40.505082], [-74.449891, 40.50552], [-74.450096, 40.50565], [-74.450567, 40.505862], [-74.451189, 40.506095], [-74.452032, 40.506332], [-74.452583, 40.506436], [-74.455153, 40.506772], [-74.455642, 40.506858], [-74.456123, 40.506966], [-74.456651, 40.507124], [-74.456854, 40.507203], [-74.457151, 40.507323], [-74.45744, 40.507484], [-74.457731, 40.507674], [-74.458006, 40.507895], [-74.458387, 40.508294], [-74.458589, 40.50858], [-74.458749, 40.508866], [-74.45885, 40.509107], [-74.458968, 40.509556], [-74.458995, 40.509869], [-74.458997, 40.510181], [-74.458991, 40.510433], [-74.458881, 40.511479], [-74.458796, 40.51225], [-74.45871, 40.512896], [-74.458457, 40.513541], [-74.458071, 40.514242], [-74.457634, 40.514773], [-74.457451, 40.514967], [-74.457082, 40.515305], [-74.456716, 40.515594], [-74.456406, 40.515809], [-74.45515, 40.51659], [-74.454993, 40.516686], [-74.454354, 40.517083], [-74.454298, 40.517118], [-74.453882, 40.517274], [-74.453731, 40.517316], [-74.453447, 40.517366], [-74.453297, 40.517372], [-74.453036, 40.517334], [-74.452863, 40.517273], [-74.45268, 40.517164], [-74.452545, 40.517015], [-74.452468, 40.516832], [-74.452461, 40.516639], [-74.452538, 40.516432], [-74.452699, 40.516252], [-74.452805, 40.516183], [-74.452936, 40.516124], [-74.453095, 40.516079], [-74.453359, 40.516059], [-74.453562, 40.516086], [-74.453748, 40.516152], [-74.453962, 40.51628], [-74.454869, 40.517121], [-74.455105, 40.51731], [-74.455274, 40.517386], [-74.455547, 40.517509], [-74.455857, 40.517605], [-74.456103, 40.517644], [-74.456408, 40.517659], [-74.45669, 40.517632], [-74.456874, 40.517595], [-74.457106, 40.517525], [-74.457307, 40.517441], [-74.457533, 40.517309], [-74.458169, 40.516864], [-74.458396, 40.516711], [-74.45861, 40.516603], [-74.458844, 40.516526], [-74.459071, 40.516484], [-74.459356, 40.516465], [-74.459627, 40.516493], [-74.459808, 40.516532], [-74.459976, 40.516587], [-74.460265, 40.516726], [-74.460541, 40.516906], [-74.461027, 40.517395], [-74.461107, 40.51755], [-74.461131, 40.517683], [-74.461065, 40.517794], [-74.460669, 40.518106], [-74.460076, 40.518521], [-74.459613, 40.518852], [-74.458637, 40.519549], [-74.458346, 40.519785], [-74.45758, 40.520407], [-74.457298, 40.52071], [-74.457165, 40.520938], [-74.456801, 40.521569], [-74.45668, 40.521982], [-74.456704, 40.522207], [-74.456768, 40.522544], [-74.456844, 40.522792], [-74.456919, 40.522908], [-74.457071, 40.523009], [-74.457474, 40.523125], [-74.457559, 40.523169], [-74.457672, 40.523285], [-74.457871, 40.523626], [-74.457949, 40.523745], [-74.458224, 40.52405], [-74.458693, 40.524436], [-74.458547, 40.524563], [-74.458337, 40.524698], [-74.45773, 40.525092], [-74.457424, 40.525285], [-74.457262, 40.525344], [-74.45722, 40.525421], [-74.455947, 40.525033], [-74.455617, 40.525], [-74.455451, 40.525007], [-74.455286, 40.525022], [-74.454769, 40.525115], [-74.454605, 40.525148], [-74.45387, 40.525269], [-74.452342, 40.525518], [-74.451557, 40.525644], [-74.451349, 40.525676], [-74.450896, 40.525659], [-74.45057, 40.525606], [-74.449582, 40.525306], [-74.449323, 40.525225], [-74.449141, 40.525166], [-74.449003, 40.525084], [-74.448853, 40.524928], [-74.448814, 40.524801], [-74.448825, 40.524659], [-74.448895, 40.524524], [-74.449418, 40.52385], [-74.449495, 40.523776], [-74.449602, 40.523706], [-74.449693, 40.523669], [-74.449875, 40.523638], [-74.450054, 40.523652], [-74.450212, 40.523705], [-74.450297, 40.523759], [-74.450385, 40.523843], [-74.450665, 40.524267], [-74.450772, 40.524332], [-74.451071, 40.524791], [-74.451471, 40.525259], [-74.451814, 40.525585], [-74.452095, 40.525808], [-74.45249, 40.526083], [-74.452863, 40.526302], [-74.453169, 40.526456], [-74.453841, 40.526731], [-74.455246, 40.527176], [-74.456917, 40.527692], [-74.458836, 40.52827], [-74.459384, 40.528379], [-74.459676, 40.528414], [-74.460254, 40.528446], [-74.460605, 40.528443], [-74.463375, 40.528284], [-74.46397, 40.528296], [-74.464464, 40.528357], [-74.46499, 40.528492], [-74.465446, 40.528647], [-74.466121, 40.528916], [-74.466604, 40.529197], [-74.466991, 40.529454], [-74.467269, 40.529694], [-74.467538, 40.529984], [-74.467834, 40.530341], [-74.468017, 40.530624], [-74.468143, 40.530877], [-74.468635, 40.532053], [-74.469496, 40.534138], [-74.470058, 40.535446], [-74.470599, 40.53679], [-74.470889, 40.537471], [-74.470999, 40.53773], [-74.471184, 40.538202], [-74.471345, 40.538752], [-74.471651, 40.539766], [-74.47193, 40.540525], [-74.472252, 40.541149], [-74.472641, 40.541784], [-74.473077, 40.542496], [-74.4737, 40.543497], [-74.473952, 40.543925], [-74.474438, 40.544803], [-74.47462, 40.545168], [-74.47516, 40.546373], [-74.475245, 40.546596], [-74.475598, 40.54762], [-74.475645, 40.547803], [-74.475721, 40.548143], [-74.475765, 40.548485], [-74.47578, 40.548783], [-74.475786, 40.548886], [-74.475786, 40.549302], [-74.475776, 40.549477], [-74.475696, 40.549954], [-74.475658, 40.550058], [-74.475836, 40.550059], [-74.476441, 40.550055], [-74.477096, 40.55007], [-74.477455, 40.550128], [-74.477809, 40.550225], [-74.478142, 40.55036], [-74.479853, 40.551424], [-74.480084, 40.551526], [-74.480405, 40.55164], [-74.480593, 40.551689], [-74.480816, 40.551737], [-74.48121, 40.551783], [-74.481451, 40.551788], [-74.481807, 40.551764], [-74.482111, 40.551717], [-74.482524, 40.551605], [-74.482902, 40.551448], [-74.484041, 40.550766], [-74.484267, 40.550637], [-74.484597, 40.550442], [-74.484683, 40.550393], [-74.484844, 40.550368], [-74.484976, 40.550364], [-74.485093, 40.550386], [-74.485206, 40.550428], [-74.485328, 40.550543], [-74.485459, 40.550627], [-74.486097, 40.55092], [-74.4863, 40.551049], [-74.486712, 40.55142], [-74.486841, 40.551603], [-74.486926, 40.551869], [-74.486917, 40.552014], [-74.48688, 40.55215], [-74.486821, 40.552254], [-74.486709, 40.552398], [-74.486587, 40.552498], [-74.486145, 40.552752], [-74.486118, 40.552843], [-74.485014, 40.55335], [-74.484525, 40.553552], [-74.48379, 40.553851], [-74.482468, 40.554349], [-74.481094, 40.554804], [-74.480455, 40.555002], [-74.479507, 40.555268], [-74.477971, 40.555655], [-74.476266, 40.556008], [-74.474877, 40.55625], [-74.474412, 40.556318], [-74.472968, 40.556502], [-74.471518, 40.556636], [-74.470698, 40.556691], [-74.46929, 40.556746], [-74.468672, 40.556756], [-74.467128, 40.556748], [-74.465439, 40.556673], [-74.462364, 40.556466], [-74.461675, 40.556421], [-74.45666, 40.556076], [-74.455877, 40.556023], [-74.453945, 40.555888], [-74.450725, 40.555668], [-74.448793, 40.555531], [-74.447916, 40.555473], [-74.447018, 40.555409], [-74.445579, 40.555355], [-74.444525, 40.555353], [-74.44365, 40.555379], [-74.442572, 40.55544], [-74.441395, 40.555544], [-74.43999, 40.555733], [-74.439179, 40.555865], [-74.434944, 40.556732], [-74.434688, 40.556785], [-74.432058, 40.557327], [-74.431539, 40.557422], [-74.430483, 40.557568], [-74.430054, 40.557612], [-74.429188, 40.557672], [-74.428191, 40.557698], [-74.427632, 40.557692], [-74.426982, 40.557664], [-74.426335, 40.557619], [-74.425583, 40.55754], [-74.424844, 40.557437], [-74.424285, 40.557338], [-74.423228, 40.557111], [-74.422147, 40.556811], [-74.421255, 40.55651], [-74.420406, 40.556179], [-74.419964, 40.555985], [-74.413747, 40.553082], [-74.413099, 40.552778], [-74.408302, 40.550533], [-74.408066, 40.550423], [-74.407246, 40.550042], [-74.405573, 40.549265], [-74.395189, 40.544387], [-74.393452, 40.543493], [-74.393305, 40.543419], [-74.392721, 40.543106], [-74.391345, 40.542324], [-74.390004, 40.541517], [-74.389642, 40.541289], [-74.381015, 40.536006], [-74.380013, 40.535389], [-74.377391, 40.533784], [-74.377123, 40.533617], [-74.37689, 40.533472], [-74.373637, 40.531486], [-74.373458, 40.531374], [-74.372557, 40.53084], [-74.371662, 40.530356], [-74.370761, 40.529921], [-74.369816, 40.529513], [-74.36912, 40.529245], [-74.368239, 40.528936], [-74.367979, 40.528854], [-74.367403, 40.52868], [-74.366558, 40.528448], [-74.365494, 40.528199], [-74.364348, 40.527974], [-74.363449, 40.527839], [-74.363052, 40.527688], [-74.361136, 40.527348], [-74.360728, 40.527307], [-74.360246, 40.527282], [-74.359136, 40.527284], [-74.358874, 40.527269], [-74.35881, 40.527249], [-74.358701, 40.527181], [-74.358508, 40.526942], [-74.358482, 40.526469], [-74.358457, 40.525883], [-74.358442, 40.525649], [-74.35842, 40.525204], [-74.358402, 40.524913], [-74.35835, 40.52426], [-74.358236, 40.524207], [-74.358116, 40.524177], [-74.357919, 40.524156], [-74.357767, 40.524172], [-74.357492, 40.524236], [-74.357247, 40.524411], [-74.357167, 40.52458], [-74.357081, 40.524913], [-74.357118, 40.52516], [-74.357286, 40.525526], [-74.357347, 40.5257], [-74.357323, 40.52587], [-74.357219, 40.526043], [-74.357127, 40.526145], [-74.356692, 40.526494], [-74.356653, 40.526622], [-74.356274, 40.526903], [-74.354834, 40.527971], [-74.354525, 40.528176], [-74.352518, 40.529679], [-74.349826, 40.531615], [-74.34916, 40.532096], [-74.348836, 40.532325], [-74.347907, 40.532989], [-74.347251, 40.533457], [-74.346117, 40.53427], [-74.34428, 40.535598], [-74.343821, 40.535928], [-74.343576, 40.536114], [-74.343019, 40.536552], [-74.341736, 40.537487], [-74.339086, 40.539448], [-74.33855, 40.539836], [-74.338135, 40.540131], [-74.337468, 40.540634], [-74.336077, 40.541658], [-74.335836, 40.541789], [-74.335729, 40.541832], [-74.335451, 40.541894], [-74.334646, 40.541989], [-74.33457, 40.542011], [-74.334477, 40.542073], [-74.33437, 40.542121], [-74.334205, 40.54223], [-74.334133, 40.54232], [-74.334089, 40.542412], [-74.334076, 40.542586], [-74.334103, 40.542667], [-74.334162, 40.542759], [-74.334251, 40.542845], [-74.334621, 40.543106], [-74.335015, 40.543379], [-74.335224, 40.543526], [-74.33546, 40.543733], [-74.336289, 40.544577], [-74.336362, 40.544652], [-74.336495, 40.54479], [-74.336631, 40.54493], [-74.336791, 40.545095], [-74.337397, 40.54562], [-74.338247, 40.546357], [-74.338314, 40.546444], [-74.338333, 40.546522], [-74.338306, 40.546605], [-74.338247, 40.546689], [-74.337846, 40.547077], [-74.337742, 40.547192], [-74.337614, 40.54734], [-74.337507, 40.547471], [-74.337429, 40.547627], [-74.337413, 40.547789], [-74.337472, 40.547953], [-74.337612, 40.548148], [-74.337721, 40.548295], [-74.337812, 40.548419], [-74.337914, 40.548558], [-74.338026, 40.548711], [-74.338133, 40.548855], [-74.3384, 40.549218], [-74.338419, 40.549306], [-74.338408, 40.549387], [-74.338357, 40.549463], [-74.338266, 40.549528], [-74.338, 40.549646], [-74.337443, 40.549944], [-74.337181, 40.550077], [-74.33736, 40.550297], [-74.337193, 40.550376], [-74.337319, 40.550526], [-74.337483, 40.550447], [-74.337589, 40.55044], [-74.337786, 40.550463], [-74.338031, 40.550542], [-74.338008, 40.550597], [-74.338029, 40.550694], [-74.338194, 40.550878], [-74.338299, 40.550751], [-74.338334, 40.550639], [-74.338294, 40.550535], [-74.33818, 40.550439], [-74.337965, 40.550349], [-74.33787, 40.550324], [-74.337434, 40.550262], [-74.33736, 40.550297], [-74.337181, 40.550077], [-74.336914, 40.550215], [-74.336462, 40.550403], [-74.336405, 40.550429], [-74.336286, 40.550455], [-74.336147, 40.550453], [-74.335702, 40.550363], [-74.335527, 40.550353], [-74.335444, 40.550368], [-74.335179, 40.550461], [-74.335246, 40.550551], [-74.335418, 40.55078], [-74.335539, 40.550942], [-74.335908, 40.551446], [-74.336292, 40.552065], [-74.336506, 40.55243], [-74.335288, 40.553122], [-74.33501, 40.55327], [-74.333886, 40.553893], [-74.333746, 40.554026], [-74.333694, 40.554151], [-74.333647, 40.554354], [-74.333672, 40.554758], [-74.333725, 40.554846], [-74.333782, 40.554934], [-74.33387, 40.555022], [-74.334463, 40.555475], [-74.33457, 40.555568], [-74.334728, 40.555753], [-74.334833, 40.555915], [-74.33506, 40.55646], [-74.33518, 40.556633], [-74.335456, 40.556925], [-74.335689, 40.557097], [-74.335838, 40.557186], [-74.336804, 40.557655], [-74.337025, 40.557757], [-74.338212, 40.558338], [-74.337928, 40.558655], [-74.337762, 40.55884], [-74.337521, 40.5591], [-74.337141, 40.559516], [-74.336924, 40.559741], [-74.336771, 40.559958], [-74.336716, 40.560069], [-74.336697, 40.560127], [-74.336606, 40.560555], [-74.336516, 40.560829], [-74.336427, 40.56101], [-74.336111, 40.56137], [-74.335757, 40.561709], [-74.335509, 40.561975], [-74.334639, 40.562991], [-74.334329, 40.563285], [-74.334043, 40.563502], [-74.332047, 40.564936], [-74.331875, 40.565059], [-74.331678, 40.565194], [-74.331524, 40.565307], [-74.33087, 40.565773], [-74.330317, 40.566166], [-74.330213, 40.566237], [-74.329856, 40.56649], [-74.329275, 40.566903], [-74.329147, 40.566991], [-74.32878, 40.567241], [-74.328448, 40.567432], [-74.327868, 40.567761], [-74.327481, 40.56798], [-74.327196, 40.568032], [-74.326986, 40.568048], [-74.326804, 40.568022], [-74.32664, 40.567952], [-74.326534, 40.567875], [-74.326234, 40.567592], [-74.325693, 40.567005], [-74.325626, 40.566919], [-74.325225, 40.566399], [-74.324924, 40.566139], [-74.324564, 40.565543], [-74.323589, 40.563843], [-74.32146, 40.56003], [-74.321326, 40.55979], [-74.32029, 40.557984], [-74.319995, 40.557487], [-74.319675, 40.55692], [-74.318705, 40.555232], [-74.31735, 40.552793], [-74.317211, 40.55253], [-74.316741, 40.551754], [-74.316224, 40.550977], [-74.315144, 40.549541], [-74.313635, 40.547553], [-74.311138, 40.544206], [-74.310802, 40.54386], [-74.308952, 40.541428], [-74.308359, 40.540643], [-74.307683, 40.539773], [-74.307095, 40.539088], [-74.306621, 40.538578], [-74.306428, 40.538374], [-74.305612, 40.537602], [-74.304853, 40.536945], [-74.301889, 40.534576], [-74.300876, 40.533738], [-74.300305, 40.533249], [-74.299871, 40.532816], [-74.299484, 40.532352], [-74.299145, 40.531865], [-74.298859, 40.531359], [-74.298675, 40.530952], [-74.298485, 40.530419], [-74.29836, 40.529879], [-74.298301, 40.529498], [-74.298273, 40.529123], [-74.298274, 40.528721], [-74.298311, 40.528263], [-74.298418, 40.527692], [-74.298511, 40.527365], [-74.29867, 40.526914], [-74.298812, 40.526577], [-74.299493, 40.525039], [-74.299793, 40.524421], [-74.300383, 40.523073], [-74.300547, 40.522632], [-74.300815, 40.521734], [-74.300978, 40.520997], [-74.301106, 40.520165], [-74.30123, 40.519132], [-74.301334, 40.518258], [-74.301384, 40.517384], [-74.301384, 40.516511], [-74.301363, 40.5159], [-74.301226, 40.514413], [-74.301183, 40.513756], [-74.301162, 40.513096], [-74.301165, 40.512226], [-74.301701, 40.503602], [-74.301755, 40.502666], [-74.301759, 40.502216], [-74.301731, 40.501555], [-74.301659, 40.500891], [-74.301545, 40.500242], [-74.301174, 40.498552], [-74.301015, 40.497697], [-74.300874, 40.49652], [-74.300814, 40.495568], [-74.300801, 40.494752], [-74.300851, 40.49383], [-74.300969, 40.492981], [-74.301116, 40.492321], [-74.30136, 40.491516], [-74.301678, 40.490688], [-74.302022, 40.489706], [-74.302439, 40.488637], [-74.30258, 40.488212], [-74.30271, 40.487752], [-74.302819, 40.487273], [-74.302919, 40.486647], [-74.302955, 40.48635], [-74.30299, 40.48573], [-74.30297, 40.484862], [-74.302902, 40.484217], [-74.302743, 40.48335], [-74.302508, 40.482499], [-74.302248, 40.48176], [-74.302028, 40.481253], [-74.301687, 40.480509], [-74.301415, 40.479809], [-74.301069, 40.479019], [-74.299854, 40.476531], [-74.298854, 40.474718], [-74.298483, 40.473975], [-74.298007, 40.473199], [-74.297114, 40.471764], [-74.296962, 40.471441], [-74.296903, 40.471223], [-74.296882, 40.470997], [-74.296926, 40.470659], [-74.296998, 40.470441], [-74.297165, 40.47013], [-74.297296, 40.46984], [-74.297444, 40.469587], [-74.297549, 40.469344], [-74.297649, 40.469024], [-74.297711, 40.468697], [-74.297734, 40.468263], [-74.297681, 40.467765], [-74.297599, 40.467462], [-74.297513, 40.46722], [-74.297351, 40.466922], [-74.297255, 40.466771], [-74.297233, 40.466584], [-74.297259, 40.466459], [-74.297405, 40.466282], [-74.297568, 40.466171], [-74.297639, 40.466152], [-74.29775, 40.46617], [-74.297857, 40.466296], [-74.297687, 40.466641], [-74.297552, 40.466847], [-74.297482, 40.466939], [-74.297337, 40.467067], [-74.297173, 40.467167], [-74.29687, 40.467317], [-74.29661, 40.467383], [-74.296489, 40.467413], [-74.29604, 40.467497], [-74.29574, 40.46759], [-74.295495, 40.467745], [-74.295297, 40.46793], [-74.294937, 40.468195], [-74.294243, 40.468742], [-74.294156, 40.468808], [-74.294083, 40.468866], [-74.29343, 40.46938], [-74.292189, 40.470356], [-74.29198, 40.470519], [-74.291357, 40.471008], [-74.290551, 40.471647], [-74.290289, 40.471852], [-74.289634, 40.472379], [-74.289346, 40.472617], [-74.28896, 40.47294], [-74.288735, 40.473119], [-74.288544, 40.473272], [-74.288276, 40.473483], [-74.288126, 40.473603], [-74.287837, 40.473827], [-74.287303, 40.474255], [-74.286951, 40.473945], [-74.286734, 40.47369], [-74.286401, 40.473366], [-74.286205, 40.473143], [-74.285996, 40.472975], [-74.285357, 40.47222], [-74.285162, 40.471986], [-74.285077, 40.471883], [-74.284963, 40.471746], [-74.284446, 40.471124], [-74.284033, 40.470628], [-74.283945, 40.470523], [-74.283597, 40.470107], [-74.283546, 40.470029], [-74.282741, 40.469034], [-74.282525, 40.468768], [-74.28195, 40.468057], [-74.281409, 40.467449], [-74.281049, 40.467096], [-74.280884, 40.466939], [-74.28062, 40.466728], [-74.280244, 40.466424], [-74.279776, 40.466102], [-74.279177, 40.465726], [-74.278761, 40.465506], [-74.277706, 40.465067], [-74.277177, 40.464876], [-74.276531, 40.464664], [-74.275879, 40.464511], [-74.275194, 40.464393], [-74.274304, 40.464273], [-74.273667, 40.464227], [-74.272929, 40.464222], [-74.272312, 40.464252], [-74.271312, 40.464345], [-74.27111, 40.46436], [-74.270994, 40.464369], [-74.270379, 40.464415], [-74.269729, 40.464475], [-74.26955, 40.464492], [-74.268926, 40.46456], [-74.268327, 40.464632], [-74.268081, 40.464661], [-74.267874, 40.464685], [-74.267344, 40.464751], [-74.266497, 40.464839], [-74.265949, 40.464892], [-74.265585, 40.464892], [-74.265118, 40.464864], [-74.264651, 40.46479], [-74.264528, 40.464725], [-74.264469, 40.464644], [-74.264464, 40.464578], [-74.264511, 40.464483], [-74.265281, 40.464192], [-74.265587, 40.464484], [-74.265949, 40.464892], [-74.266057, 40.465015], [-74.266341, 40.465342], [-74.266075, 40.465449], [-74.265509, 40.465678], [-74.264699, 40.466005], [-74.265105, 40.466608], [-74.265672, 40.467392], [-74.265148, 40.467724], [-74.265086, 40.46777], [-74.265058, 40.467824], [-74.265095, 40.467896], [-74.26601, 40.468839], [-74.266472, 40.469334], [-74.266717, 40.469387], [-74.266472, 40.469334], [-74.26601, 40.468839], [-74.265095, 40.467896], [-74.265058, 40.467824], [-74.265086, 40.46777], [-74.265148, 40.467724], [-74.265672, 40.467392], [-74.265105, 40.466608], [-74.264699, 40.466005], [-74.264477, 40.465728], [-74.264245, 40.465392], [-74.264221, 40.465361], [-74.264031, 40.4651], [-74.264015, 40.46494], [-74.264049, 40.46489], [-74.264196, 40.464851], [-74.264356, 40.46485], [-74.264683, 40.464917], [-74.265209, 40.464982], [-74.265451, 40.465], [-74.266057, 40.465015], [-74.267028, 40.464925], [-74.267696, 40.464846], [-74.26834, 40.464771], [-74.269416, 40.464648], [-74.270381, 40.464551], [-74.271037, 40.464537], [-74.271464, 40.46457], [-74.271688, 40.464593], [-74.272478, 40.46466], [-74.272966, 40.464676], [-74.273453, 40.464653], [-74.273997, 40.464575], [-74.274505, 40.464522], [-74.274926, 40.464513], [-74.275347, 40.464537], [-74.275442, 40.464559], [-74.275853, 40.464621], [-74.276658, 40.464826], [-74.276918, 40.464902], [-74.277413, 40.465078], [-74.277662, 40.465211], [-74.277817, 40.465284], [-74.277948, 40.465389], [-74.278275, 40.465747], [-74.278329, 40.465783], [-74.278403, 40.465808], [-74.278579, 40.465782], [-74.278627, 40.465736], [-74.278703, 40.4656], [-74.278761, 40.465506], [-74.277706, 40.465067], [-74.277177, 40.464876], [-74.276531, 40.464664], [-74.275879, 40.464511], [-74.274917, 40.46423], [-74.274788, 40.464148], [-74.274688, 40.463982], [-74.274876, 40.463946], [-74.27517, 40.463839], [-74.275425, 40.463745], [-74.275936, 40.463575], [-74.277388, 40.463119], [-74.278174, 40.462858], [-74.278413, 40.462753], [-74.278901, 40.4625], [-74.279978, 40.461899], [-74.280083, 40.461827], [-74.280548, 40.46143], [-74.281548, 40.46047], [-74.281768, 40.460217], [-74.281927, 40.460061], [-74.282143, 40.459896], [-74.282387, 40.459745], [-74.283294, 40.459303], [-74.284838, 40.458554], [-74.284932, 40.458509], [-74.285179, 40.458394], [-74.285292, 40.458341], [-74.285694, 40.458153], [-74.285788, 40.45811], [-74.287183, 40.457495], [-74.287982, 40.457126], [-74.288662, 40.456808], [-74.28933, 40.456491], [-74.290064, 40.45615], [-74.290549, 40.455921], [-74.291057, 40.455684], [-74.292056, 40.455234], [-74.292244, 40.455142], [-74.293139, 40.454718], [-74.293618, 40.4545], [-74.294056, 40.4543], [-74.294301, 40.454188], [-74.294486, 40.454103], [-74.294783, 40.453981], [-74.295019, 40.453927], [-74.295376, 40.453909], [-74.295506, 40.453909], [-74.295989, 40.454012], [-74.296359, 40.454119], [-74.297415, 40.454565], [-74.297814, 40.454926], [-74.297942, 40.45512], [-74.297969, 40.455187], [-74.297984, 40.455335], [-74.297911, 40.455592], [-74.297734, 40.455732], [-74.297507, 40.455809], [-74.297259, 40.45581], [-74.29711, 40.455775], [-74.296967, 40.455709], [-74.296791, 40.455541], [-74.29675, 40.455384], [-74.296758, 40.455214], [-74.296741, 40.455042], [-74.29688, 40.454706], [-74.297132, 40.454072], [-74.297745, 40.452476], [-74.297969, 40.451913], [-74.298239, 40.451214], [-74.298382, 40.450881], [-74.29848, 40.450626], [-74.298755, 40.449902], [-74.299301, 40.448485], [-74.299503, 40.447929], [-74.29967, 40.447331], [-74.299758, 40.446755], [-74.299898, 40.44521], [-74.299956, 40.444347], [-74.299978, 40.444018], [-74.299999, 40.443623], [-74.300064, 40.44222], [-74.300116, 40.441404], [-74.300162, 40.44065], [-74.300193, 40.440268], [-74.300264, 40.439487], [-74.300306, 40.43925], [-74.300422, 40.438847], [-74.300564, 40.438355], [-74.300787, 40.437494], [-74.300836, 40.437307], [-74.301236, 40.436079], [-74.301347, 40.4358], [-74.301529, 40.435387], [-74.301609, 40.435201], [-74.301726, 40.434919], [-74.302299, 40.433316], [-74.302489, 40.432663], [-74.302853, 40.431391], [-74.303023, 40.430552], [-74.303144, 40.429933], [-74.303223, 40.429547], [-74.303957, 40.424299], [-74.304215, 40.422502], [-74.304267, 40.422121], [-74.304612, 40.419544], [-74.304695, 40.418929], [-74.304925, 40.417005], [-74.305038, 40.41613], [-74.305629, 40.411688], [-74.305683, 40.411254], [-74.305715, 40.411], [-74.305743, 40.410776], [-74.305775, 40.41052], [-74.305818, 40.409421], [-74.305821, 40.409094], [-74.305826, 40.408653], [-74.305825, 40.408354], [-74.305801, 40.407224], [-74.305732, 40.406468], [-74.305775, 40.404801], [-74.305823, 40.404299], [-74.305875, 40.403971], [-74.306145, 40.403217], [-74.306295, 40.402992], [-74.306416, 40.402861], [-74.306535, 40.402761], [-74.306688, 40.402697], [-74.307188, 40.402567], [-74.307326, 40.402513], [-74.307449, 40.402423], [-74.307815, 40.402011], [-74.308001, 40.401885], [-74.308142, 40.401817], [-74.308322, 40.401774], [-74.308605, 40.401733], [-74.308745, 40.401688], [-74.309192, 40.401708], [-74.309727, 40.401729], [-74.310058, 40.40174], [-74.310299, 40.401748], [-74.311047, 40.401774], [-74.311153, 40.401778], [-74.31126, 40.401782], [-74.311287, 40.401783], [-74.311565, 40.401789], [-74.311797, 40.401788], [-74.312076, 40.401793], [-74.312338, 40.401821], [-74.312601, 40.401849], [-74.312776, 40.401898], [-74.313785, 40.402153], [-74.314106, 40.402238], [-74.315203, 40.402453], [-74.317669, 40.402917], [-74.317862, 40.40295], [-74.319196, 40.403198], [-74.320367, 40.403421], [-74.320504, 40.403447], [-74.320854, 40.403513], [-74.321096, 40.403559], [-74.321513, 40.403639], [-74.321923, 40.403717], [-74.322069, 40.403745], [-74.322286, 40.403786], [-74.322381, 40.403804], [-74.322565, 40.403839], [-74.323145, 40.40395], [-74.323496, 40.404015], [-74.323902, 40.404093], [-74.323963, 40.404106], [-74.324182, 40.404148], [-74.324772, 40.404259], [-74.32524, 40.40435], [-74.325717, 40.404442], [-74.325884, 40.404474], [-74.326199, 40.404535], [-74.326296, 40.404553], [-74.3267, 40.404631], [-74.327355, 40.404767], [-74.32837, 40.405025], [-74.329005, 40.405194], [-74.329229, 40.405258], [-74.329429, 40.405316], [-74.329863, 40.405424], [-74.330537, 40.405599], [-74.331567, 40.405875], [-74.331834, 40.405944], [-74.332175, 40.406033], [-74.334239, 40.40659], [-74.335367, 40.406889], [-74.335557, 40.406949], [-74.335645, 40.406977], [-74.335921, 40.407063], [-74.336114, 40.407146], [-74.336551, 40.407388], [-74.337088, 40.407725], [-74.338328, 40.408502], [-74.338803, 40.408773], [-74.339097, 40.408919], [-74.339766, 40.409129], [-74.340619, 40.409288], [-74.341174, 40.40938], [-74.342253, 40.409557], [-74.344368, 40.409896], [-74.344921, 40.409916], [-74.345542, 40.409904], [-74.346103, 40.409868], [-74.346352, 40.409855], [-74.347299, 40.409861], [-74.348715, 40.409927], [-74.348866, 40.409934], [-74.34901, 40.409942], [-74.349334, 40.40996], [-74.349636, 40.409971], [-74.349643, 40.409704], [-74.349635, 40.409553], [-74.349629, 40.409407], [-74.349699, 40.409056], [-74.349696, 40.408844], [-74.34906, 40.407417], [-74.348777, 40.406767], [-74.348707, 40.406674], [-74.348488, 40.406269], [-74.348487, 40.406154], [-74.348578, 40.405723], [-74.348201, 40.405671], [-74.347938, 40.405604], [-74.347457, 40.405449], [-74.347178, 40.405308], [-74.346887, 40.40512], [-74.346708, 40.404982], [-74.346448, 40.404711], [-74.346345, 40.404577], [-74.346153, 40.404251], [-74.345926, 40.403739], [-74.345611, 40.403085], [-74.345457, 40.402667], [-74.345424, 40.402398], [-74.345459, 40.402095], [-74.345497, 40.402009], [-74.345622, 40.401847], [-74.34595, 40.40151], [-74.345249, 40.400888], [-74.344725, 40.400522], [-74.344464, 40.400288], [-74.345174, 40.399882], [-74.345601, 40.400182]]}, "properties": {"seed": 5, "km": 88.6, "minutes": 114, "backroad_pct": 35, "state_road_pct": 65, "highway_pct": 35, "stroke": "#d33", "stroke-width": 3}}, {"type": "Feature", "geometry": {"type": "LineString", "coordinates": [[-74.345601, 40.400182], [-74.346271, 40.400653], [-74.346691, 40.401137], [-74.347234, 40.400927], [-74.347658, 40.400872], [-74.347815, 40.400875], [-74.349279, 40.40108], [-74.349815, 40.400656], [-74.350105, 40.400427], [-74.354207, 40.403745], [-74.35578, 40.404928], [-74.356842, 40.405664], [-74.358579, 40.406855], [-74.358998, 40.407165], [-74.359374, 40.407474], [-74.36001, 40.408124], [-74.360769, 40.409021], [-74.36113, 40.409397], [-74.361607, 40.409813], [-74.362013, 40.410099], [-74.362663, 40.410517], [-74.364928, 40.411817], [-74.366259, 40.412769], [-74.367635, 40.413832], [-74.367735, 40.413908], [-74.369078, 40.415022], [-74.370672, 40.416186], [-74.371004, 40.416443], [-74.372002, 40.417192], [-74.372666, 40.417689], [-74.372926, 40.417884], [-74.373336, 40.418186], [-74.373778, 40.418503], [-74.374371, 40.418961], [-74.374884, 40.419441], [-74.375187, 40.419764], [-74.375348, 40.419953], [-74.375848, 40.420491], [-74.375933, 40.420583], [-74.376318, 40.420998], [-74.376589, 40.421297], [-74.376688, 40.421406], [-74.376852, 40.421588], [-74.377042, 40.421797], [-74.377398, 40.42219], [-74.377519, 40.422324], [-74.377903, 40.422732], [-74.378171, 40.423007], [-74.378708, 40.423559], [-74.378792, 40.423645], [-74.378896, 40.423752], [-74.378912, 40.423768], [-74.379818, 40.42474], [-74.380003, 40.424942], [-74.380078, 40.425025], [-74.380266, 40.425232], [-74.380837, 40.425849], [-74.381111, 40.426137], [-74.381406, 40.426437], [-74.382499, 40.427639], [-74.382683, 40.427841], [-74.382926, 40.4281], [-74.383172, 40.428363], [-74.38338, 40.428585], [-74.383494, 40.428712], [-74.38389, 40.42913], [-74.384324, 40.429593], [-74.384926, 40.430229], [-74.3852, 40.430518], [-74.385327, 40.430653], [-74.385621, 40.430964], [-74.385708, 40.431056], [-74.3859, 40.431258], [-74.386263, 40.431642], [-74.386456, 40.431846], [-74.387115, 40.432573], [-74.38721, 40.432679], [-74.387619, 40.433134], [-74.387962, 40.433516], [-74.388506, 40.434111], [-74.388987, 40.434627], [-74.389316, 40.434983], [-74.389665, 40.43536], [-74.390185, 40.435923], [-74.390507, 40.436273], [-74.390585, 40.436357], [-74.390727, 40.436511], [-74.391019, 40.436826], [-74.391324, 40.437155], [-74.391603, 40.437448], [-74.391657, 40.437505], [-74.391919, 40.437792], [-74.392171, 40.438044], [-74.39238, 40.438295], [-74.392532, 40.43846], [-74.392584, 40.438521], [-74.392977, 40.439016], [-74.393237, 40.439391], [-74.393268, 40.439443], [-74.393518, 40.439866], [-74.393633, 40.440075], [-74.393818, 40.440451], [-74.393968, 40.440777], [-74.394035, 40.440964], [-74.394059, 40.441032], [-74.394073, 40.44107], [-74.394347, 40.44183], [-74.394432, 40.442091], [-74.394535, 40.442419], [-74.395019, 40.44381], [-74.395068, 40.443946], [-74.395166, 40.444251], [-74.395744, 40.44607], [-74.39599, 40.446792], [-74.396119, 40.447148], [-74.396174, 40.447297], [-74.396335, 40.447703], [-74.396456, 40.447985], [-74.396645, 40.448372], [-74.397124, 40.449354], [-74.397409, 40.449872], [-74.397655, 40.450357], [-74.398127, 40.451277], [-74.398242, 40.451515], [-74.398378, 40.451767], [-74.398562, 40.452122], [-74.398708, 40.452405], [-74.398803, 40.452597], [-74.398928, 40.452848], [-74.399112, 40.453216], [-74.399212, 40.453417], [-74.399349, 40.453685], [-74.399381, 40.453749], [-74.399554, 40.454086], [-74.399681, 40.454327], [-74.399737, 40.454433], [-74.399839, 40.454636], [-74.39986, 40.45468], [-74.400104, 40.455149], [-74.400306, 40.45553], [-74.400396, 40.455715], [-74.400436, 40.455844], [-74.400551, 40.456063], [-74.40081, 40.456559], [-74.400967, 40.45686], [-74.401329, 40.45757], [-74.401507, 40.457921], [-74.401699, 40.458274], [-74.401794, 40.458459], [-74.401882, 40.458636], [-74.402152, 40.459168], [-74.402237, 40.459333], [-74.402277, 40.45941], [-74.402591, 40.460017], [-74.40267, 40.46017], [-74.402703, 40.460232], [-74.403142, 40.461099], [-74.403334, 40.46147], [-74.403505, 40.461812], [-74.403629, 40.462056], [-74.403875, 40.462541], [-74.404042, 40.462878], [-74.404397, 40.463478], [-74.404437, 40.463549], [-74.404557, 40.463758], [-74.404935, 40.46432], [-74.405207, 40.464705], [-74.405513, 40.4651], [-74.40561, 40.465225], [-74.405846, 40.46553], [-74.405949, 40.465663], [-74.406628, 40.46654], [-74.406993, 40.467014], [-74.407271, 40.46739], [-74.407472, 40.467644], [-74.407557, 40.467779], [-74.407835, 40.468243], [-74.408013, 40.468583], [-74.408346, 40.469301], [-74.408548, 40.469832], [-74.408666, 40.470305], [-74.408771, 40.470697], [-74.40897, 40.471652], [-74.409348, 40.473549], [-74.409516, 40.474374], [-74.409586, 40.474792], [-74.409824, 40.476424], [-74.409932, 40.476985], [-74.410132, 40.477615], [-74.410282, 40.477996], [-74.410318, 40.478089], [-74.41044, 40.478413], [-74.410496, 40.478548], [-74.410923, 40.479671], [-74.41134, 40.480678], [-74.411777, 40.481392], [-74.412348, 40.482017], [-74.412468, 40.482137], [-74.412865, 40.482504], [-74.413303, 40.482839], [-74.41369, 40.483144], [-74.414087, 40.483364], [-74.414641, 40.483616], [-74.415219, 40.483817], [-74.415007, 40.484033], [-74.414462, 40.484605], [-74.413804, 40.485288], [-74.413718, 40.485469], [-74.413328, 40.485884], [-74.412963, 40.486199], [-74.412787, 40.486308], [-74.412408, 40.486471], [-74.412171, 40.486543], [-74.411835, 40.486597], [-74.411612, 40.486616], [-74.411374, 40.486617], [-74.410565, 40.486581], [-74.409859, 40.486641], [-74.407899, 40.487111], [-74.407072, 40.48731], [-74.406842, 40.487346], [-74.406484, 40.487339], [-74.406235, 40.48728], [-74.406082, 40.487217], [-74.405904, 40.487069], [-74.405025, 40.486152], [-74.404979, 40.486086], [-74.404953, 40.486003], [-74.404977, 40.485883], [-74.405065, 40.485692], [-74.405119, 40.485574], [-74.405162, 40.485448], [-74.405193, 40.485231], [-74.405189, 40.48514], [-74.405153, 40.48503], [-74.405019, 40.484828], [-74.404926, 40.484728], [-74.404679, 40.484584], [-74.404025, 40.484318], [-74.403833, 40.484211], [-74.403673, 40.484085], [-74.403554, 40.483957], [-74.403436, 40.483805], [-74.403347, 40.483643], [-74.403222, 40.483652], [-74.403081, 40.48364], [-74.402974, 40.483652], [-74.402888, 40.483685], [-74.401874, 40.484761], [-74.401042, 40.485529], [-74.400598, 40.485969], [-74.400548, 40.486041], [-74.400527, 40.486124], [-74.400535, 40.486203], [-74.400575, 40.486289], [-74.400732, 40.486419], [-74.400849, 40.486462], [-74.401007, 40.486512], [-74.401215, 40.486555], [-74.401462, 40.486578], [-74.401825, 40.486554], [-74.404953, 40.486003], [-74.404979, 40.486086], [-74.405025, 40.486152], [-74.405904, 40.487069], [-74.406432, 40.486768], [-74.406739, 40.486658], [-74.409259, 40.486053], [-74.40949, 40.486037], [-74.409861, 40.486089], [-74.409921, 40.485987], [-74.410266, 40.485608], [-74.410381, 40.485446], [-74.410547, 40.485495], [-74.410926, 40.485548], [-74.411645, 40.485587], [-74.411847, 40.485575], [-74.412049, 40.48555], [-74.412255, 40.485492], [-74.412735, 40.485314], [-74.413022, 40.485263], [-74.413189, 40.485274], [-74.413362, 40.485306], [-74.413718, 40.485469], [-74.413922, 40.485332], [-74.414562, 40.484661], [-74.415123, 40.484054], [-74.415187, 40.484003], [-74.415286, 40.483963], [-74.415598, 40.483927], [-74.415983, 40.484018], [-74.416316, 40.484082], [-74.416441, 40.484122], [-74.416586, 40.484213], [-74.416724, 40.484362], [-74.416774, 40.484479], [-74.416787, 40.484595], [-74.41677, 40.48469], [-74.416666, 40.484986], [-74.416587, 40.485068], [-74.416453, 40.485223], [-74.41636, 40.485331], [-74.415691, 40.486107], [-74.415097, 40.486789], [-74.414266, 40.487815], [-74.413922, 40.488325], [-74.413783, 40.488595], [-74.413662, 40.488878], [-74.413568, 40.48917], [-74.413434, 40.489731], [-74.412685, 40.493361], [-74.412372, 40.494875], [-74.41216, 40.495707], [-74.411983, 40.496156], [-74.411795, 40.496499], [-74.411601, 40.496762], [-74.411569, 40.496805], [-74.411194, 40.49725], [-74.410836, 40.497578], [-74.410593, 40.497772], [-74.410218, 40.498009], [-74.409903, 40.498202], [-74.40929, 40.498535], [-74.409152, 40.498613], [-74.409123, 40.498629], [-74.408215, 40.499115], [-74.407891, 40.499289], [-74.406892, 40.499824], [-74.406435, 40.500064], [-74.406031, 40.500278], [-74.40581, 40.500394], [-74.405726, 40.500438], [-74.405615, 40.500497], [-74.404592, 40.501037], [-74.403777, 40.501479], [-74.402855, 40.501969], [-74.402688, 40.50205], [-74.401992, 40.502403], [-74.401662, 40.502575], [-74.401105, 40.502871], [-74.400814, 40.503026], [-74.400043, 40.503443], [-74.399946, 40.503495], [-74.399401, 40.503795], [-74.399146, 40.503923], [-74.398784, 40.504109], [-74.398273, 40.504374], [-74.397757, 40.504644], [-74.397453, 40.504803], [-74.397362, 40.50485], [-74.396844, 40.505125], [-74.395964, 40.50558], [-74.395241, 40.505955], [-74.395208, 40.505971], [-74.39503, 40.506068], [-74.394777, 40.506203], [-74.394366, 40.50642], [-74.3943, 40.506455], [-74.393907, 40.506666], [-74.393774, 40.506737], [-74.393567, 40.506848], [-74.392757, 40.50728], [-74.392646, 40.507341], [-74.392431, 40.507458], [-74.39222, 40.507573], [-74.391551, 40.50792], [-74.391147, 40.508113], [-74.390761, 40.508308], [-74.390136, 40.508629], [-74.389811, 40.508802], [-74.389318, 40.509067], [-74.389054, 40.509194], [-74.388621, 40.509396], [-74.388189, 40.509573], [-74.387928, 40.509683], [-74.386878, 40.510132], [-74.386713, 40.510202], [-74.386411, 40.510329], [-74.385873, 40.510555], [-74.385737, 40.510612], [-74.385455, 40.510731], [-74.384866, 40.510975], [-74.384675, 40.511053], [-74.384565, 40.511101], [-74.3841, 40.51129], [-74.383331, 40.511639], [-74.3825, 40.511987], [-74.380673, 40.512742], [-74.380249, 40.51292], [-74.379197, 40.513363], [-74.378418, 40.51369], [-74.377786, 40.513955], [-74.377515, 40.51406], [-74.377093, 40.514223], [-74.376298, 40.514547], [-74.376167, 40.5146], [-74.375623, 40.514822], [-74.37526, 40.514972], [-74.374843, 40.515143], [-74.374298, 40.515373], [-74.374235, 40.515398], [-74.37396, 40.515507], [-74.373855, 40.515549], [-74.373568, 40.51567], [-74.370441, 40.516982], [-74.370306, 40.517039], [-74.369296, 40.517536], [-74.369189, 40.517593], [-74.368828, 40.517791], [-74.368352, 40.51805], [-74.368064, 40.518233], [-74.367254, 40.518748], [-74.36592, 40.519697], [-74.365836, 40.519763], [-74.365527, 40.520018], [-74.364235, 40.520961], [-74.362456, 40.522262], [-74.361676, 40.522876], [-74.361212, 40.523231], [-74.360742, 40.523589], [-74.360696, 40.523624], [-74.358523, 40.525246], [-74.358355, 40.525374], [-74.356653, 40.526622], [-74.356274, 40.526903], [-74.354834, 40.527971], [-74.354525, 40.528176], [-74.352518, 40.529679], [-74.349826, 40.531615], [-74.34916, 40.532096], [-74.348836, 40.532325], [-74.347907, 40.532989], [-74.347251, 40.533457], [-74.346117, 40.53427], [-74.34428, 40.535598], [-74.343821, 40.535928], [-74.343576, 40.536114], [-74.343019, 40.536552], [-74.341736, 40.537487], [-74.339086, 40.539448], [-74.33855, 40.539836], [-74.338135, 40.540131], [-74.337468, 40.540634], [-74.336077, 40.541658], [-74.334891, 40.542537], [-74.333957, 40.543213], [-74.333552, 40.543474], [-74.333079, 40.543771], [-74.331129, 40.544868], [-74.331019, 40.544927], [-74.330634, 40.54514], [-74.329243, 40.545912], [-74.326621, 40.547364], [-74.325181, 40.548173], [-74.324641, 40.548469], [-74.321743, 40.550046], [-74.321322, 40.550291], [-74.318933, 40.551699], [-74.316891, 40.552854], [-74.315326, 40.553696], [-74.313674, 40.554527], [-74.313414, 40.554651], [-74.311465, 40.555551], [-74.311129, 40.555712], [-74.310013, 40.556269], [-74.309519, 40.556311], [-74.309251, 40.556274], [-74.308791, 40.55617], [-74.308587, 40.556155], [-74.308456, 40.556175], [-74.308353, 40.55621], [-74.307942, 40.55642], [-74.307755, 40.556489], [-74.307551, 40.556502], [-74.307196, 40.556444], [-74.306554, 40.55623], [-74.305969, 40.556056], [-74.30541, 40.555925], [-74.30447, 40.555744], [-74.304428, 40.555887], [-74.305722, 40.556135], [-74.306162, 40.556241], [-74.306611, 40.556378], [-74.306954, 40.556465], [-74.307475, 40.556649], [-74.307945, 40.556842], [-74.308405, 40.557062], [-74.30856, 40.557101], [-74.30866, 40.557088], [-74.3092, 40.556812], [-74.310404, 40.556214], [-74.31073, 40.556051], [-74.311473, 40.555688], [-74.311823, 40.555521], [-74.31201, 40.555435], [-74.312746, 40.555101], [-74.312868, 40.555045], [-74.31347, 40.554767], [-74.313574, 40.554718], [-74.314029, 40.554497], [-74.31464, 40.554189], [-74.3162, 40.553368], [-74.317559, 40.55262], [-74.317969, 40.552389], [-74.320636, 40.550887], [-74.321522, 40.550372], [-74.321875, 40.550171], [-74.322483, 40.549855], [-74.322704, 40.54974], [-74.322864, 40.549697], [-74.323006, 40.549699], [-74.323131, 40.549736], [-74.323515, 40.550115], [-74.323547, 40.550261], [-74.322926, 40.550606], [-74.322519, 40.550838], [-74.322125, 40.550411], [-74.321875, 40.550171], [-74.321743, 40.550046], [-74.321472, 40.549747], [-74.321209, 40.549453], [-74.321093, 40.549296], [-74.320985, 40.549126], [-74.320861, 40.548932], [-74.32069, 40.548661], [-74.320652, 40.548604], [-74.320355, 40.548148], [-74.319109, 40.546276], [-74.319091, 40.546249], [-74.318842, 40.545853], [-74.31873, 40.54565], [-74.318674, 40.545547], [-74.318583, 40.544991], [-74.318398, 40.543946], [-74.318308, 40.543437], [-74.318275, 40.54325], [-74.318084, 40.542011], [-74.318063, 40.541898], [-74.31799, 40.541448], [-74.317946, 40.541236], [-74.317863, 40.540773], [-74.317814, 40.540532], [-74.317723, 40.540092], [-74.317627, 40.5394], [-74.317484, 40.538492], [-74.317426, 40.538037], [-74.317369, 40.537579], [-74.31729, 40.536905], [-74.31727, 40.536728], [-74.317265, 40.536677], [-74.317278, 40.536545], [-74.317383, 40.536151], [-74.317408, 40.535837], [-74.317368, 40.535601], [-74.317227, 40.535136], [-74.317089, 40.534699], [-74.316935, 40.534201], [-74.316776, 40.533694], [-74.316636, 40.533256], [-74.316467, 40.532722], [-74.316408, 40.532517], [-74.316413, 40.532322], [-74.316458, 40.531875], [-74.316461, 40.531849], [-74.316627, 40.53018], [-74.316643, 40.530027], [-74.31665, 40.529957], [-74.316662, 40.529836], [-74.316702, 40.529559], [-74.316743, 40.529335], [-74.316796, 40.529173], [-74.316704, 40.529148], [-74.316496, 40.529094], [-74.316059, 40.528977], [-74.315924, 40.529106], [-74.315753, 40.529198], [-74.315378, 40.529314], [-74.314849, 40.529435], [-74.313971, 40.529628], [-74.313642, 40.529698], [-74.313293, 40.52977], [-74.312251, 40.529985], [-74.311703, 40.53007], [-74.311532, 40.530107], [-74.311399, 40.530167], [-74.311259, 40.530271], [-74.310861, 40.530643], [-74.310757, 40.530729], [-74.310225, 40.531038], [-74.309995, 40.531164], [-74.30969, 40.531332], [-74.309188, 40.531609], [-74.308805, 40.53182], [-74.308066, 40.532226], [-74.307499, 40.532477], [-74.307196, 40.532597], [-74.307032, 40.532657], [-74.30667, 40.532733], [-74.306299, 40.532809], [-74.305929, 40.532886], [-74.305554, 40.532988], [-74.305184, 40.533096], [-74.304669, 40.533247], [-74.303795, 40.53345], [-74.303576, 40.53351], [-74.303349, 40.533597], [-74.30301, 40.533727], [-74.302201, 40.534155], [-74.30206, 40.534228], [-74.301134, 40.534704], [-74.30081, 40.534818], [-74.300525, 40.53488], [-74.300239, 40.534905], [-74.29996, 40.534904], [-74.299509, 40.534857], [-74.299434, 40.534848], [-74.298521, 40.534738], [-74.297983, 40.534678], [-74.297335, 40.534613], [-74.296976, 40.53452], [-74.296534, 40.53437], [-74.296322, 40.534296], [-74.295809, 40.534113], [-74.295637, 40.534053], [-74.295446, 40.533986], [-74.295353, 40.533954], [-74.294779, 40.533751], [-74.29462, 40.533694], [-74.294317, 40.533587], [-74.294018, 40.533478], [-74.293848, 40.533413], [-74.293749, 40.533374], [-74.29354, 40.533287], [-74.293374, 40.533215], [-74.293209, 40.533139], [-74.292983, 40.533031], [-74.29289, 40.532985], [-74.292183, 40.532593], [-74.291615, 40.53223], [-74.291447, 40.532121], [-74.29123, 40.531981], [-74.29116, 40.531937], [-74.290547, 40.531542], [-74.289923, 40.531168], [-74.289636, 40.531005], [-74.288987, 40.530657], [-74.288411, 40.530412], [-74.288282, 40.53036], [-74.288034, 40.530274], [-74.28758, 40.530141], [-74.287149, 40.530038], [-74.286264, 40.529845], [-74.285671, 40.529716], [-74.285004, 40.529537], [-74.284156, 40.529341], [-74.28376, 40.529231], [-74.283425, 40.529054], [-74.282874, 40.528598], [-74.282824, 40.528564], [-74.282699, 40.528418], [-74.282631, 40.528374], [-74.282471, 40.528393], [-74.282202, 40.528499], [-74.281747, 40.528669], [-74.281512, 40.528732], [-74.280903, 40.528888], [-74.280417, 40.52895], [-74.279878, 40.528985], [-74.279213, 40.52898], [-74.279053, 40.529041], [-74.278684, 40.529009], [-74.277777, 40.528896], [-74.277201, 40.528791], [-74.276652, 40.528663], [-74.27611, 40.528516], [-74.275719, 40.528393], [-74.27477, 40.528062], [-74.271832, 40.527013], [-74.270511, 40.526551], [-74.269268, 40.526137], [-74.269187, 40.526109], [-74.268399, 40.525829], [-74.267871, 40.525663], [-74.267474, 40.525563], [-74.266633, 40.525384], [-74.266207, 40.525327], [-74.257474, 40.52438], [-74.257102, 40.524348], [-74.256252, 40.524307], [-74.255367, 40.524306], [-74.251825, 40.524486], [-74.24648, 40.524782], [-74.244314, 40.524902], [-74.23719, 40.525296], [-74.236795, 40.525319], [-74.235656, 40.52538], [-74.234157, 40.525467], [-74.233332, 40.525508], [-74.231897, 40.525543], [-74.231049, 40.525577], [-74.230079, 40.52562], [-74.228852, 40.525682], [-74.227218, 40.525761], [-74.226657, 40.525847], [-74.225528, 40.525977], [-74.224426, 40.526152], [-74.223181, 40.526408], [-74.221787, 40.526776], [-74.220672, 40.527089], [-74.217672, 40.527918], [-74.216459, 40.528261], [-74.215867, 40.528374], [-74.215161, 40.528532], [-74.213565, 40.528795], [-74.212694, 40.528994], [-74.211004, 40.529464], [-74.210969, 40.529018], [-74.210965, 40.528907], [-74.210934, 40.528592], [-74.210933, 40.528421], [-74.210883, 40.528152], [-74.210766, 40.527879], [-74.210681, 40.527748], [-74.210465, 40.527397], [-74.210392, 40.52727], [-74.210177, 40.526658], [-74.209907, 40.525869], [-74.209616, 40.525217], [-74.209959, 40.524895], [-74.210282, 40.524721], [-74.210739, 40.524604], [-74.211317, 40.524456], [-74.211387, 40.524438], [-74.211798, 40.524354], [-74.212021, 40.524322], [-74.212293, 40.524285], [-74.213519, 40.524163], [-74.214105, 40.524112], [-74.21398, 40.523393], [-74.213825, 40.522507], [-74.213715, 40.521966], [-74.213624, 40.52152], [-74.213558, 40.521237], [-74.213052, 40.519545], [-74.212915, 40.519071], [-74.212749, 40.518417], [-74.212483, 40.517494], [-74.212155, 40.516464], [-74.211974, 40.515895], [-74.21182, 40.515417], [-74.211787, 40.515325], [-74.211599, 40.514789], [-74.2115, 40.514482], [-74.21129, 40.513818], [-74.211101, 40.513344], [-74.210709, 40.512414], [-74.210667, 40.512314], [-74.210483, 40.511872], [-74.210452, 40.511734], [-74.209877, 40.512102], [-74.2068, 40.514067], [-74.206245, 40.514423], [-74.205672, 40.514791], [-74.204766, 40.515369], [-74.204295, 40.515669], [-74.203322, 40.516288], [-74.20279, 40.516633], [-74.202279, 40.516959], [-74.201399, 40.517519], [-74.200865, 40.517859], [-74.200219, 40.518271], [-74.199733, 40.518505], [-74.199249, 40.518681], [-74.198632, 40.51883], [-74.197701, 40.519016], [-74.197535, 40.519048], [-74.197128, 40.519134], [-74.197204, 40.519605], [-74.197271, 40.519987], [-74.197383, 40.520266], [-74.197567, 40.520503], [-74.198064, 40.521182], [-74.198229, 40.521406], [-74.198706, 40.522056], [-74.198793, 40.522176], [-74.199151, 40.522655], [-74.19926, 40.5228], [-74.199747, 40.52354], [-74.199954, 40.523853], [-74.200109, 40.524093], [-74.200368, 40.524493], [-74.200463, 40.524641], [-74.200691, 40.524995], [-74.200905, 40.525324], [-74.200965, 40.525413], [-74.201146, 40.525688], [-74.201186, 40.525748], [-74.201255, 40.525853], [-74.201297, 40.525916], [-74.201394, 40.526064], [-74.201557, 40.526308], [-74.201402, 40.526441], [-74.201324, 40.526545], [-74.201144, 40.526834], [-74.20125, 40.5269], [-74.201298, 40.526983], [-74.201463, 40.527298], [-74.201501, 40.527369], [-74.201639, 40.527643], [-74.202022, 40.528377], [-74.202517, 40.529372], [-74.202571, 40.529594], [-74.202685, 40.530308], [-74.202803, 40.531045], [-74.202892, 40.53172], [-74.202906, 40.531782], [-74.202967, 40.532042], [-74.203013, 40.532229], [-74.203058, 40.53242], [-74.20309, 40.532495], [-74.205708, 40.531765], [-74.206879, 40.531442], [-74.210318, 40.530485], [-74.211083, 40.530272], [-74.213155, 40.529687], [-74.213606, 40.529503], [-74.215323, 40.528857], [-74.215789, 40.528701], [-74.216312, 40.528503], [-74.217294, 40.528231], [-74.220604, 40.527309], [-74.221763, 40.526986], [-74.22247, 40.526794], [-74.223003, 40.526666], [-74.223984, 40.526457], [-74.224976, 40.52628], [-74.226424, 40.526078], [-74.227841, 40.52595], [-74.228914, 40.525889], [-74.231673, 40.525745], [-74.231936, 40.525732], [-74.234166, 40.525581], [-74.235252, 40.525492], [-74.23613, 40.525437], [-74.236763, 40.525397], [-74.237197, 40.52537], [-74.244318, 40.524976], [-74.246486, 40.524856], [-74.251839, 40.52456], [-74.254207, 40.524433], [-74.255366, 40.524378], [-74.256049, 40.524376], [-74.25709, 40.524418], [-74.257807, 40.524485], [-74.266188, 40.525397], [-74.266611, 40.525455], [-74.267019, 40.525525], [-74.267447, 40.525621], [-74.267849, 40.525733], [-74.268379, 40.525902], [-74.269226, 40.526203], [-74.270402, 40.526632], [-74.270932, 40.526825], [-74.272036, 40.527233], [-74.274009, 40.527937], [-74.274664, 40.52817], [-74.276035, 40.528633], [-74.27671, 40.528815], [-74.277258, 40.528936], [-74.277821, 40.529034], [-74.278524, 40.529125], [-74.279095, 40.529173], [-74.279944, 40.529203], [-74.280666, 40.529184], [-74.281378, 40.529133], [-74.282086, 40.529046], [-74.282785, 40.528923], [-74.28333, 40.528803], [-74.28414, 40.528573], [-74.284792, 40.528347], [-74.285384, 40.528095], [-74.285596, 40.527993], [-74.285779, 40.527905], [-74.286317, 40.52762], [-74.286698, 40.527384], [-74.28712, 40.52709], [-74.287618, 40.526695], [-74.287986, 40.526357], [-74.288323, 40.526009], [-74.289013, 40.525187], [-74.290607, 40.523127], [-74.290928, 40.52277], [-74.291279, 40.52243], [-74.291867, 40.521952], [-74.292299, 40.521662], [-74.292974, 40.52126], [-74.293707, 40.52088], [-74.294497, 40.520525], [-74.295428, 40.520163], [-74.29652, 40.519823], [-74.296823, 40.519744], [-74.297261, 40.519634], [-74.297947, 40.519504], [-74.298552, 40.519418], [-74.299169, 40.519363], [-74.29991, 40.519335], [-74.300514, 40.519346], [-74.301108, 40.519383], [-74.301782, 40.519459], [-74.302398, 40.519561], [-74.303099, 40.519704], [-74.303189, 40.519793], [-74.30364, 40.519928], [-74.303978, 40.5201], [-74.304114, 40.520193], [-74.304248, 40.520316], [-74.304323, 40.520412], [-74.304379, 40.520522], [-74.304407, 40.520625], [-74.304412, 40.520793], [-74.304366, 40.520959], [-74.304309, 40.521062], [-74.3042, 40.521195], [-74.304076, 40.521297], [-74.303898, 40.521397], [-74.303737, 40.521457], [-74.303384, 40.52147], [-74.3032, 40.521458], [-74.302928, 40.521418], [-74.302643, 40.521348], [-74.302334, 40.521239], [-74.302101, 40.521126], [-74.301903, 40.521002], [-74.301726, 40.520859], [-74.301564, 40.520685], [-74.301475, 40.520562], [-74.301349, 40.520292], [-74.301295, 40.519998], [-74.301285, 40.519668], [-74.30123, 40.519132], [-74.301334, 40.518258], [-74.301384, 40.517384], [-74.301384, 40.516511], [-74.301363, 40.5159], [-74.301226, 40.514413], [-74.301183, 40.513756], [-74.301162, 40.513096], [-74.301165, 40.512226], [-74.301701, 40.503602], [-74.301755, 40.502666], [-74.301759, 40.502216], [-74.301731, 40.501555], [-74.301659, 40.500891], [-74.301545, 40.500242], [-74.301174, 40.498552], [-74.301015, 40.497697], [-74.300874, 40.49652], [-74.300814, 40.495568], [-74.300801, 40.494752], [-74.300851, 40.49383], [-74.300969, 40.492981], [-74.301116, 40.492321], [-74.30136, 40.491516], [-74.301678, 40.490688], [-74.302022, 40.489706], [-74.302439, 40.488637], [-74.30258, 40.488212], [-74.30271, 40.487752], [-74.302819, 40.487273], [-74.302919, 40.486647], [-74.302955, 40.48635], [-74.30299, 40.48573], [-74.30297, 40.484862], [-74.302902, 40.484217], [-74.302743, 40.48335], [-74.302508, 40.482499], [-74.302248, 40.48176], [-74.302028, 40.481253], [-74.301687, 40.480509], [-74.301415, 40.479809], [-74.301069, 40.479019], [-74.299854, 40.476531], [-74.298854, 40.474718], [-74.298396, 40.474009], [-74.297906, 40.473292], [-74.297043, 40.472194], [-74.296713, 40.471811], [-74.296339, 40.471418], [-74.295874, 40.470954], [-74.294971, 40.470099], [-74.293952, 40.469197], [-74.293687, 40.468964], [-74.289762, 40.465542], [-74.28925, 40.465111], [-74.288635, 40.464643], [-74.287763, 40.464071], [-74.286823, 40.463565], [-74.286331, 40.463332], [-74.285825, 40.463121], [-74.285615, 40.463037], [-74.283091, 40.462048], [-74.282355, 40.461715], [-74.281877, 40.461455], [-74.281216, 40.461051], [-74.280908, 40.460851], [-74.279823, 40.460086], [-74.279012, 40.459467], [-74.278229, 40.458822], [-74.277292, 40.457989], [-74.276409, 40.457129], [-74.275727, 40.456418], [-74.274918, 40.455523], [-74.273825, 40.454265], [-74.273278, 40.453612], [-74.271637, 40.451566], [-74.271217, 40.451009], [-74.270688, 40.450241], [-74.27008, 40.449228], [-74.269756, 40.448632], [-74.268253, 40.445627], [-74.267769, 40.444837], [-74.267507, 40.444451], [-74.267224, 40.444075], [-74.266912, 40.443713], [-74.266575, 40.443361], [-74.266219, 40.44302], [-74.265645, 40.44254], [-74.265027, 40.442086], [-74.264626, 40.441814], [-74.263288, 40.440988], [-74.262618, 40.440609], [-74.25976, 40.439103], [-74.259356, 40.438891], [-74.257439, 40.437883], [-74.255586, 40.436841], [-74.254699, 40.436317], [-74.253699, 40.4357], [-74.253392, 40.435413], [-74.253087, 40.435165], [-74.252853, 40.434915], [-74.252635, 40.434647], [-74.252458, 40.434385], [-74.252307, 40.434102], [-74.252204, 40.433849], [-74.252118, 40.433574], [-74.251892, 40.432762], [-74.251868, 40.432675], [-74.251822, 40.432581], [-74.25174, 40.432509], [-74.251636, 40.432466], [-74.25152, 40.432446], [-74.251326, 40.432429], [-74.25122, 40.432401], [-74.251136, 40.43235], [-74.250959, 40.432159], [-74.250662, 40.431281], [-74.250521, 40.430878], [-74.250395, 40.430543], [-74.250098, 40.429721], [-74.250032, 40.429531], [-74.249845, 40.429034], [-74.249282, 40.429249], [-74.24903, 40.429341], [-74.2488, 40.42942], [-74.248668, 40.429461], [-74.248494, 40.429513], [-74.248024, 40.42967], [-74.247813, 40.429743], [-74.247388, 40.429891], [-74.247119, 40.429987], [-74.246519, 40.430202], [-74.246123, 40.430343], [-74.245799, 40.430459], [-74.24422, 40.431019], [-74.243816, 40.431157], [-74.243165, 40.431383], [-74.242515, 40.431663], [-74.24202, 40.431889], [-74.240826, 40.432432], [-74.240379, 40.43263], [-74.239994, 40.432794], [-74.239458, 40.433049], [-74.237255, 40.434053], [-74.236092, 40.434581], [-74.235256, 40.434967], [-74.235172, 40.435003], [-74.234941, 40.435109], [-74.234704, 40.435217], [-74.234595, 40.435268], [-74.234426, 40.435345], [-74.234271, 40.435414], [-74.233734, 40.435652], [-74.232482, 40.436212], [-74.231928, 40.436474], [-74.231741, 40.436557], [-74.231184, 40.436814], [-74.231002, 40.436898], [-74.229266, 40.437704], [-74.228804, 40.437846], [-74.228458, 40.437948], [-74.227757, 40.438161], [-74.227521, 40.438242], [-74.226956, 40.438413], [-74.226391, 40.438582], [-74.226028, 40.43868], [-74.225847, 40.43873], [-74.22555, 40.438814], [-74.225513, 40.438825], [-74.224946, 40.438994], [-74.224584, 40.438705], [-74.224409, 40.438566], [-74.223851, 40.438107], [-74.223004, 40.437404], [-74.221688, 40.436321], [-74.220634, 40.43544], [-74.220597, 40.435289], [-74.220608, 40.435239], [-74.220763, 40.43503], [-74.221714, 40.43409], [-74.222542, 40.433272], [-74.222874, 40.433086], [-74.223173, 40.432943], [-74.225066, 40.431964], [-74.225662, 40.431655], [-74.226554, 40.431206], [-74.226658, 40.431172], [-74.226781, 40.431155], [-74.227085, 40.431174], [-74.228103, 40.431395], [-74.229621, 40.431729], [-74.230262, 40.430157], [-74.230349, 40.429921], [-74.230378, 40.429834], [-74.230398, 40.429664], [-74.23038, 40.429505], [-74.230271, 40.428998], [-74.229996, 40.427765], [-74.229907, 40.427235], [-74.22992, 40.427136], [-74.23001, 40.42693], [-74.230155, 40.426707], [-74.230384, 40.426306], [-74.230652, 40.425838], [-74.230886, 40.425417], [-74.231027, 40.425035], [-74.231192, 40.424538], [-74.231277, 40.424237], [-74.231309, 40.424039], [-74.231292, 40.42388], [-74.231173, 40.423426], [-74.231163, 40.423319], [-74.23119, 40.423106], [-74.231248, 40.422963], [-74.231516, 40.42252], [-74.231768, 40.422112], [-74.231954, 40.421802], [-74.232313, 40.421219], [-74.232943, 40.420186], [-74.233142, 40.419792], [-74.233189, 40.419558], [-74.233183, 40.418941], [-74.23324, 40.418759], [-74.233335, 40.418616], [-74.233507, 40.418402], [-74.233645, 40.418203], [-74.23369, 40.418014], [-74.233456, 40.416975], [-74.233531, 40.41643], [-74.233525, 40.416226], [-74.233505, 40.415853], [-74.232321, 40.415692], [-74.232133, 40.415638], [-74.231869, 40.41553], [-74.23146, 40.415321], [-74.231142, 40.415116], [-74.230644, 40.414786], [-74.230502, 40.414692], [-74.229913, 40.414315], [-74.230015, 40.414184], [-74.230141, 40.414021], [-74.230372, 40.413722], [-74.230503, 40.413557], [-74.230842, 40.413131], [-74.230924, 40.413033], [-74.231095, 40.412816], [-74.231227, 40.412648], [-74.231337, 40.412509], [-74.231826, 40.411888], [-74.232131, 40.411559], [-74.232266, 40.411423], [-74.232406, 40.411282], [-74.232626, 40.411061], [-74.233116, 40.410571], [-74.233194, 40.410493], [-74.233297, 40.41039], [-74.233353, 40.410334], [-74.233434, 40.410252], [-74.23359, 40.410096], [-74.234223, 40.409459], [-74.234967, 40.408711], [-74.235269, 40.408412], [-74.235329, 40.408353], [-74.23571, 40.407975], [-74.235904, 40.407788], [-74.236071, 40.407619], [-74.236419, 40.407265], [-74.236544, 40.407138], [-74.236796, 40.406841], [-74.236878, 40.40663], [-74.23723, 40.404475], [-74.237241, 40.4044], [-74.237279, 40.404148], [-74.237875, 40.404167], [-74.238145, 40.404172], [-74.238897, 40.404187], [-74.239541, 40.404214], [-74.239849, 40.404246], [-74.240076, 40.404289], [-74.240525, 40.404461], [-74.24082, 40.404596], [-74.241573, 40.40496], [-74.242328, 40.405323], [-74.243777, 40.406017], [-74.244312, 40.40626], [-74.244718, 40.406384], [-74.245801, 40.406623], [-74.24649, 40.406839], [-74.247039, 40.407023], [-74.247329, 40.407103], [-74.247776, 40.407213], [-74.248254, 40.407291], [-74.248413, 40.407316], [-74.249576, 40.407495], [-74.249872, 40.407541], [-74.250837, 40.407686], [-74.251248, 40.40776], [-74.251621, 40.407845], [-74.252004, 40.407936], [-74.252672, 40.408164], [-74.25315, 40.408365], [-74.253832, 40.408785], [-74.254018, 40.408898], [-74.254123, 40.408933], [-74.255435, 40.409151], [-74.256675, 40.409376], [-74.259306, 40.409855], [-74.259588, 40.409877], [-74.260277, 40.409845], [-74.262081, 40.409556], [-74.263437, 40.409307], [-74.264126, 40.409173], [-74.265008, 40.409001], [-74.266439, 40.408729], [-74.269404, 40.40817], [-74.270788, 40.407916], [-74.271433, 40.407802], [-74.272814, 40.407555], [-74.274733, 40.407183], [-74.275493, 40.407033], [-74.275877, 40.406967], [-74.27633, 40.406881], [-74.276536, 40.406842], [-74.277838, 40.406599], [-74.279124, 40.406359], [-74.282273, 40.405764], [-74.28445, 40.405352], [-74.28703, 40.404871], [-74.287129, 40.404851], [-74.28756, 40.404773], [-74.288058, 40.404677], [-74.288411, 40.404611], [-74.288985, 40.404503], [-74.289432, 40.404416], [-74.28985, 40.404336], [-74.290441, 40.404227], [-74.290682, 40.404178], [-74.290914, 40.404135], [-74.291124, 40.404095], [-74.292401, 40.403846], [-74.294338, 40.403479], [-74.294501, 40.403451], [-74.295996, 40.403172], [-74.297235, 40.40293], [-74.297345, 40.402909], [-74.298992, 40.402601], [-74.299831, 40.402439], [-74.300926, 40.402247], [-74.30297, 40.402027], [-74.303225, 40.401999], [-74.30338, 40.402014], [-74.303745, 40.401993], [-74.30532, 40.401809], [-74.306703, 40.401666], [-74.307095, 40.40164], [-74.307291, 40.401644], [-74.307625, 40.401655], [-74.308344, 40.401717], [-74.30851, 40.401678], [-74.308745, 40.401688], [-74.309192, 40.401708], [-74.309727, 40.401729], [-74.310058, 40.40174], [-74.310299, 40.401748], [-74.311047, 40.401774], [-74.311153, 40.401778], [-74.31126, 40.401782], [-74.311287, 40.401783], [-74.311565, 40.401789], [-74.311797, 40.401788], [-74.312076, 40.401793], [-74.312338, 40.401821], [-74.312601, 40.401849], [-74.312776, 40.401898], [-74.313785, 40.402153], [-74.314106, 40.402238], [-74.315203, 40.402453], [-74.317669, 40.402917], [-74.317862, 40.40295], [-74.319196, 40.403198], [-74.320367, 40.403421], [-74.320504, 40.403447], [-74.320854, 40.403513], [-74.321096, 40.403559], [-74.321513, 40.403639], [-74.321923, 40.403717], [-74.322069, 40.403745], [-74.322286, 40.403786], [-74.322381, 40.403804], [-74.322565, 40.403839], [-74.323145, 40.40395], [-74.323496, 40.404015], [-74.323902, 40.404093], [-74.323963, 40.404106], [-74.324182, 40.404148], [-74.324772, 40.404259], [-74.32524, 40.40435], [-74.325717, 40.404442], [-74.325884, 40.404474], [-74.326199, 40.404535], [-74.326296, 40.404553], [-74.3267, 40.404631], [-74.327355, 40.404767], [-74.32837, 40.405025], [-74.329005, 40.405194], [-74.329229, 40.405258], [-74.329429, 40.405316], [-74.329863, 40.405424], [-74.330537, 40.405599], [-74.331567, 40.405875], [-74.331834, 40.405944], [-74.332175, 40.406033], [-74.334239, 40.40659], [-74.335367, 40.406889], [-74.335557, 40.406949], [-74.335645, 40.406977], [-74.335921, 40.407063], [-74.336114, 40.407146], [-74.336551, 40.407388], [-74.337088, 40.407725], [-74.338328, 40.408502], [-74.338803, 40.408773], [-74.339097, 40.408919], [-74.339766, 40.409129], [-74.340619, 40.409288], [-74.341174, 40.40938], [-74.342253, 40.409557], [-74.344368, 40.409896], [-74.344921, 40.409916], [-74.345542, 40.409904], [-74.346103, 40.409868], [-74.346352, 40.409855], [-74.347299, 40.409861], [-74.348715, 40.409927], [-74.348866, 40.409934], [-74.34901, 40.409942], [-74.349334, 40.40996], [-74.349636, 40.409971], [-74.349643, 40.409704], [-74.349635, 40.409553], [-74.349629, 40.409407], [-74.349699, 40.409056], [-74.349696, 40.408844], [-74.34906, 40.407417], [-74.348777, 40.406767], [-74.348707, 40.406674], [-74.348488, 40.406269], [-74.348487, 40.406154], [-74.348578, 40.405723], [-74.348201, 40.405671], [-74.347938, 40.405604], [-74.347457, 40.405449], [-74.347178, 40.405308], [-74.346887, 40.40512], [-74.346708, 40.404982], [-74.346448, 40.404711], [-74.346345, 40.404577], [-74.346153, 40.404251], [-74.345926, 40.403739], [-74.345611, 40.403085], [-74.345457, 40.402667], [-74.345424, 40.402398], [-74.345459, 40.402095], [-74.345497, 40.402009], [-74.345622, 40.401847], [-74.34595, 40.40151], [-74.345249, 40.400888], [-74.344725, 40.400522], [-74.344464, 40.400288], [-74.345174, 40.399882], [-74.345601, 40.400182]]}, "properties": {"seed": 6, "km": 87.6, "minutes": 122, "backroad_pct": 37, "state_road_pct": 63, "highway_pct": 30, "stroke": "#d33", "stroke-width": 3}}, {"type": "Feature", "geometry": {"type": "LineString", "coordinates": [[-74.345601, 40.400182], [-74.346271, 40.400653], [-74.346691, 40.401137], [-74.347234, 40.400927], [-74.347658, 40.400872], [-74.347815, 40.400875], [-74.349279, 40.40108], [-74.349815, 40.400656], [-74.350105, 40.400427], [-74.354207, 40.403745], [-74.35578, 40.404928], [-74.356842, 40.405664], [-74.358579, 40.406855], [-74.358998, 40.407165], [-74.359374, 40.407474], [-74.36001, 40.408124], [-74.360769, 40.409021], [-74.36113, 40.409397], [-74.361607, 40.409813], [-74.362013, 40.410099], [-74.362663, 40.410517], [-74.364928, 40.411817], [-74.366259, 40.412769], [-74.367635, 40.413832], [-74.367735, 40.413908], [-74.367933, 40.414231], [-74.368244, 40.415512], [-74.368211, 40.415605], [-74.36814, 40.415676], [-74.368035, 40.415733], [-74.367925, 40.41577], [-74.367818, 40.415827], [-74.367679, 40.415852], [-74.367563, 40.415621], [-74.367423, 40.41539], [-74.367294, 40.415108], [-74.367106, 40.414778], [-74.36692, 40.414485], [-74.366795, 40.414341], [-74.366815, 40.414126], [-74.366922, 40.414006], [-74.367226, 40.413857], [-74.368897, 40.413109], [-74.369293, 40.412911], [-74.369385, 40.412835], [-74.369775, 40.412405], [-74.369843, 40.412334], [-74.37069, 40.411458], [-74.370829, 40.411312], [-74.370938, 40.411197], [-74.371461, 40.410647], [-74.371994, 40.410089], [-74.372497, 40.409562], [-74.372807, 40.409238], [-74.373049, 40.408983], [-74.373147, 40.408879], [-74.373354, 40.408659], [-74.373626, 40.408369], [-74.374091, 40.407869], [-74.374605, 40.407314], [-74.375131, 40.406747], [-74.375751, 40.406078], [-74.376038, 40.405769], [-74.376272, 40.405521], [-74.376494, 40.405282], [-74.376536, 40.40524], [-74.376795, 40.404952], [-74.377108, 40.40462], [-74.377734, 40.403933], [-74.377925, 40.403721], [-74.378912, 40.402646], [-74.379078, 40.402465], [-74.379138, 40.402398], [-74.379401, 40.402108], [-74.379828, 40.401642], [-74.381995, 40.399294], [-74.382636, 40.398594], [-74.382718, 40.398507], [-74.382987, 40.398222], [-74.383485, 40.397693], [-74.383636, 40.397532], [-74.383663, 40.397502], [-74.384577, 40.39651], [-74.384847, 40.396215], [-74.385141, 40.395895], [-74.385528, 40.395461], [-74.385751, 40.395184], [-74.386069, 40.394736], [-74.386153, 40.394616], [-74.386174, 40.394582], [-74.386388, 40.394263], [-74.386609, 40.393971], [-74.386785, 40.393781], [-74.386951, 40.393626], [-74.386995, 40.393589], [-74.387564, 40.393157], [-74.387757, 40.393028], [-74.388067, 40.392818], [-74.388113, 40.39279], [-74.388262, 40.392699], [-74.388608, 40.392486], [-74.388822, 40.392355], [-74.389115, 40.392175], [-74.389319, 40.392049], [-74.389563, 40.391905], [-74.389646, 40.391858], [-74.389872, 40.391747], [-74.390114, 40.391665], [-74.390319, 40.391617], [-74.390088, 40.390962], [-74.390074, 40.390922], [-74.390027, 40.390802], [-74.389963, 40.390655], [-74.389869, 40.390431], [-74.38977, 40.390199], [-74.389559, 40.389989], [-74.389338, 40.389767], [-74.388923, 40.389478], [-74.388709, 40.389328], [-74.387687, 40.388753], [-74.387538, 40.388669], [-74.387311, 40.388356], [-74.387191, 40.387942], [-74.387199, 40.387551], [-74.387328, 40.387125], [-74.387629, 40.386244], [-74.38791, 40.385314], [-74.388206, 40.384363], [-74.388491, 40.383415], [-74.388503, 40.383333], [-74.388536, 40.382821], [-74.388537, 40.382768], [-74.388547, 40.382445], [-74.388556, 40.382157], [-74.388562, 40.382087], [-74.388572, 40.381928], [-74.38859, 40.381493], [-74.388598, 40.381338], [-74.388613, 40.381072], [-74.388619, 40.38087], [-74.388619, 40.380823], [-74.388641, 40.380435], [-74.388654, 40.380188], [-74.388656, 40.380115], [-74.388669, 40.379766], [-74.388679, 40.379519], [-74.388693, 40.379151], [-74.388694, 40.379109], [-74.388703, 40.378876], [-74.388696, 40.378396], [-74.388701, 40.377923], [-74.388715, 40.376573], [-74.388719, 40.376221], [-74.388723, 40.375844], [-74.388765, 40.375187], [-74.388801, 40.374616], [-74.388857, 40.373733], [-74.388859, 40.373696], [-74.388883, 40.372743], [-74.388891, 40.372449], [-74.388909, 40.371715], [-74.388944, 40.37134], [-74.388922, 40.370787], [-74.388864, 40.370484], [-74.388789, 40.370044], [-74.388777, 40.369974], [-74.388584, 40.368844], [-74.388508, 40.368395], [-74.388209, 40.366644], [-74.388155, 40.366325], [-74.388073, 40.365845], [-74.387975, 40.365272], [-74.387902, 40.364845], [-74.387556, 40.363179], [-74.387534, 40.363075], [-74.387472, 40.362775], [-74.38725, 40.36173], [-74.387224, 40.361634], [-74.386975, 40.3604], [-74.386869, 40.359788], [-74.386616, 40.358313], [-74.386605, 40.358247], [-74.386504, 40.357661], [-74.386433, 40.357246], [-74.386281, 40.356361], [-74.385897, 40.354192], [-74.385714, 40.353397], [-74.385479, 40.352809], [-74.385245, 40.352343], [-74.385007, 40.351766], [-74.384858, 40.351435], [-74.384559, 40.350773], [-74.384424, 40.350463], [-74.383101, 40.347162], [-74.382221, 40.345216], [-74.381965, 40.34465], [-74.38185, 40.344396], [-74.381802, 40.344256], [-74.381603, 40.343842], [-74.381472, 40.343569], [-74.380465, 40.341456], [-74.380329, 40.341152], [-74.380219, 40.340841], [-74.38004, 40.340196], [-74.379937, 40.339974], [-74.379774, 40.339509], [-74.379474, 40.338639], [-74.379437, 40.338532], [-74.379366, 40.338326], [-74.37921, 40.337872], [-74.378718, 40.336441], [-74.377947, 40.334447], [-74.377595, 40.333447], [-74.377504, 40.333188], [-74.377486, 40.333138], [-74.377458, 40.333057], [-74.376431, 40.330181], [-74.376149, 40.329408], [-74.376087, 40.32918], [-74.376036, 40.328778], [-74.376053, 40.328419], [-74.376107, 40.328184], [-74.37619, 40.327934], [-74.376878, 40.326462], [-74.377046, 40.326045], [-74.377133, 40.325754], [-74.377293, 40.3249], [-74.377388, 40.324274], [-74.377645, 40.321788], [-74.377655, 40.321707], [-74.37769, 40.32143], [-74.377805, 40.320402], [-74.377847, 40.319985], [-74.377874, 40.319719], [-74.377911, 40.319361], [-74.377946, 40.319017], [-74.377984, 40.318611], [-74.378013, 40.318308], [-74.378014, 40.317982], [-74.378165, 40.316653], [-74.378173, 40.31659], [-74.378247, 40.315597], [-74.378487, 40.312956], [-74.378607, 40.311636], [-74.378654, 40.311123], [-74.378672, 40.310929], [-74.378843, 40.309049], [-74.378904, 40.308453], [-74.379465, 40.308858], [-74.379725, 40.309087], [-74.380169, 40.309526], [-74.379725, 40.309087], [-74.379465, 40.308858], [-74.378904, 40.308453], [-74.379137, 40.3061], [-74.379265, 40.304884], [-74.379617, 40.305067], [-74.379773, 40.305115], [-74.379924, 40.305089], [-74.38016, 40.304961], [-74.380283, 40.304888], [-74.38069, 40.304639], [-74.382091, 40.303818], [-74.383677, 40.302886], [-74.385534, 40.301776], [-74.38694, 40.300935], [-74.38734, 40.300696], [-74.387979, 40.300301], [-74.388852, 40.299773], [-74.389401, 40.299464], [-74.389813, 40.299281], [-74.392072, 40.298445], [-74.397778, 40.296222], [-74.397987, 40.296137], [-74.399043, 40.295747], [-74.399469, 40.29561], [-74.399684, 40.295546], [-74.40022, 40.295397], [-74.400299, 40.295376], [-74.400522, 40.295314], [-74.400682, 40.295269], [-74.400733, 40.295255], [-74.401729, 40.294978], [-74.405025, 40.294076], [-74.406329, 40.293703], [-74.410784, 40.292166], [-74.411056, 40.292069], [-74.412143, 40.291687], [-74.413836, 40.291097], [-74.414027, 40.291053], [-74.415445, 40.290901], [-74.415545, 40.29089], [-74.417234, 40.29072], [-74.417737, 40.290661], [-74.417941, 40.290637], [-74.418505, 40.290575], [-74.418822, 40.290539], [-74.419591, 40.290449], [-74.41986, 40.290416], [-74.420224, 40.290388], [-74.420549, 40.290387], [-74.420955, 40.29043], [-74.421629, 40.290521], [-74.422188, 40.290597], [-74.42358, 40.290802], [-74.42514, 40.291041], [-74.425399, 40.291051], [-74.426308, 40.290957], [-74.428674, 40.290745], [-74.429345, 40.290683], [-74.429978, 40.29063], [-74.430745, 40.290564], [-74.431162, 40.290529], [-74.433184, 40.29034], [-74.433637, 40.290299], [-74.434081, 40.290264], [-74.434623, 40.290255], [-74.436024, 40.290273], [-74.437382, 40.290276], [-74.43852, 40.29025], [-74.439055, 40.290252], [-74.438981, 40.289883], [-74.43883, 40.289482], [-74.438315, 40.288318], [-74.436936, 40.285342], [-74.436865, 40.285195], [-74.436382, 40.284146], [-74.436315, 40.283926], [-74.436284, 40.283717], [-74.436291, 40.28332], [-74.436385, 40.281937], [-74.43646, 40.280563], [-74.436629, 40.278324], [-74.43687, 40.275145], [-74.437182, 40.272227], [-74.437176, 40.271876], [-74.437127, 40.271434], [-74.437019, 40.27098], [-74.436845, 40.26993], [-74.436826, 40.269631], [-74.436942, 40.267049], [-74.436947, 40.266948], [-74.437012, 40.265636], [-74.437012, 40.265537], [-74.436998, 40.265257], [-74.436918, 40.2646], [-74.436724, 40.263289], [-74.436667, 40.262613], [-74.436619, 40.262275], [-74.436551, 40.261895], [-74.436827, 40.261893], [-74.438724, 40.261921], [-74.440697, 40.262157], [-74.445681, 40.263008], [-74.446061, 40.263075], [-74.449077, 40.263597], [-74.450145, 40.26383], [-74.450698, 40.263986], [-74.451164, 40.264129], [-74.455063, 40.265423], [-74.456415, 40.265808], [-74.45766, 40.266111], [-74.459076, 40.266373], [-74.460471, 40.266553], [-74.461096, 40.266617], [-74.462058, 40.266717], [-74.463705, 40.266865], [-74.464163, 40.266906], [-74.465283, 40.267021], [-74.466346, 40.267127], [-74.46647, 40.267139], [-74.467055, 40.267195], [-74.467506, 40.26724], [-74.468462, 40.267338], [-74.469507, 40.267443], [-74.469741, 40.267466], [-74.47103, 40.267595], [-74.472422, 40.26769], [-74.472975, 40.267713], [-74.474035, 40.267719], [-74.47464, 40.267707], [-74.476391, 40.267657], [-74.476707, 40.267646], [-74.482461, 40.267467], [-74.482948, 40.267452], [-74.484284, 40.267412], [-74.487452, 40.267332], [-74.488664, 40.267378], [-74.490203, 40.267501], [-74.490793, 40.267569], [-74.492293, 40.267823], [-74.493947, 40.268115], [-74.496034, 40.268474], [-74.497013, 40.268558], [-74.49834, 40.268779], [-74.499493, 40.268922], [-74.499713, 40.268926], [-74.499844, 40.268881], [-74.499892, 40.268857], [-74.500123, 40.268714], [-74.500282, 40.268561], [-74.500736, 40.267815], [-74.501236, 40.267119], [-74.501533, 40.266784], [-74.501848, 40.266522], [-74.502912, 40.265831], [-74.504341, 40.264994], [-74.505137, 40.264547], [-74.50551, 40.264344], [-74.505822, 40.264159], [-74.505935, 40.264092], [-74.506216, 40.26392], [-74.506577, 40.263661], [-74.5071, 40.263323], [-74.50746, 40.263159], [-74.507814, 40.263058], [-74.508113, 40.262993], [-74.508454, 40.262964], [-74.508667, 40.262972], [-74.508976, 40.263018], [-74.509276, 40.263104], [-74.509583, 40.263245], [-74.509763, 40.263358], [-74.509978, 40.263495], [-74.510252, 40.263755], [-74.510408, 40.26398], [-74.510523, 40.264211], [-74.510565, 40.264314], [-74.510615, 40.26454], [-74.510627, 40.264764], [-74.510605, 40.264962], [-74.510542, 40.265192], [-74.509329, 40.268653], [-74.50932, 40.268789], [-74.509112, 40.269381], [-74.508783, 40.270322], [-74.508674, 40.270597], [-74.507952, 40.272294], [-74.504336, 40.280469], [-74.504213, 40.28075], [-74.501132, 40.287704], [-74.50089, 40.288252], [-74.497581, 40.295756], [-74.497277, 40.296454], [-74.493922, 40.304147], [-74.4938, 40.304426], [-74.49332, 40.305536], [-74.49227, 40.307963], [-74.492208, 40.308108], [-74.490679, 40.311544], [-74.489096, 40.31487], [-74.486907, 40.319533], [-74.485882, 40.321943], [-74.485695, 40.322422], [-74.484768, 40.324952], [-74.483914, 40.327197], [-74.481019, 40.333568], [-74.480118, 40.3356], [-74.477699, 40.341001], [-74.476367, 40.343909], [-74.475394, 40.346032], [-74.475314, 40.34608], [-74.474908, 40.346814], [-74.474446, 40.347807], [-74.47432, 40.348011], [-74.474151, 40.348208], [-74.474033, 40.348318], [-74.473735, 40.34851], [-74.473516, 40.348609], [-74.473242, 40.348694], [-74.472102, 40.34898], [-74.471734, 40.349111], [-74.471565, 40.349187], [-74.471415, 40.349269], [-74.471302, 40.34935], [-74.471117, 40.349545], [-74.47105, 40.349657], [-74.47098, 40.349915], [-74.470989, 40.35006], [-74.471023, 40.350195], [-74.471074, 40.350311], [-74.471246, 40.350532], [-74.471522, 40.35074], [-74.471691, 40.350839], [-74.471882, 40.350926], [-74.472255, 40.351053], [-74.474038, 40.351523], [-74.475422, 40.351891], [-74.475618, 40.351932], [-74.47604, 40.351989], [-74.476256, 40.351985], [-74.476581, 40.351944], [-74.476764, 40.351904], [-74.476933, 40.351847], [-74.477088, 40.351771], [-74.477246, 40.351677], [-74.477386, 40.35155], [-74.477533, 40.351298], [-74.477765, 40.350637], [-74.478161, 40.349508], [-74.478262, 40.349218], [-74.478297, 40.349121], [-74.478392, 40.348851], [-74.478523, 40.34848], [-74.478574, 40.34832], [-74.478697, 40.347931], [-74.478971, 40.347403], [-74.479224, 40.347067], [-74.47943, 40.346887], [-74.479528, 40.346834], [-74.479767, 40.34676], [-74.47992, 40.346753], [-74.480148, 40.346798], [-74.480357, 40.346912], [-74.480417, 40.346976], [-74.480494, 40.347162], [-74.480494, 40.347267], [-74.480454, 40.347384], [-74.480277, 40.347653], [-74.479917, 40.348169], [-74.479305, 40.349114], [-74.479295, 40.349278], [-74.47935, 40.349424], [-74.479466, 40.349542], [-74.479591, 40.34963], [-74.479995, 40.349726], [-74.480792, 40.349893], [-74.480668, 40.350311], [-74.480388, 40.351203], [-74.480075, 40.352197], [-74.479971, 40.352466], [-74.479853, 40.352823], [-74.479757, 40.353057], [-74.479543, 40.353439], [-74.479424, 40.353599], [-74.47884, 40.35427], [-74.480464, 40.354664], [-74.48138, 40.354877], [-74.482822, 40.35521], [-74.482858, 40.355219], [-74.483198, 40.3553], [-74.483813, 40.355448], [-74.48506, 40.355746], [-74.486881, 40.356172], [-74.487047, 40.356211], [-74.488797, 40.356623], [-74.490159, 40.356948], [-74.490495, 40.357025], [-74.491583, 40.357263], [-74.49266, 40.357517], [-74.492714, 40.35753], [-74.493464, 40.357707], [-74.493661, 40.357766], [-74.49398, 40.357828], [-74.494573, 40.357968], [-74.494882, 40.358041], [-74.495027, 40.358098], [-74.495174, 40.358186], [-74.495239, 40.358251], [-74.495422, 40.358826], [-74.495913, 40.360019], [-74.496146, 40.360654], [-74.496234, 40.360726], [-74.496464, 40.360845], [-74.496797, 40.360924], [-74.496985, 40.360989], [-74.497114, 40.361059], [-74.498177, 40.36192], [-74.499338, 40.362718], [-74.499441, 40.362788], [-74.499625, 40.362914], [-74.501731, 40.364357], [-74.502153, 40.364658], [-74.503094, 40.365291], [-74.505536, 40.366965], [-74.506529, 40.367667], [-74.506985, 40.368128], [-74.507733, 40.368977], [-74.508303, 40.369625], [-74.508608, 40.370046], [-74.509698, 40.371773], [-74.509834, 40.371981], [-74.509909, 40.372097], [-74.510194, 40.372535], [-74.510547, 40.37308], [-74.510704, 40.37332], [-74.510827, 40.373484], [-74.510906, 40.373591], [-74.511095, 40.373843], [-74.511365, 40.374243], [-74.511465, 40.374494], [-74.511532, 40.374763], [-74.512085, 40.374816], [-74.512354, 40.374844], [-74.512672, 40.374903], [-74.514826, 40.375345], [-74.515177, 40.375417], [-74.517159, 40.375826], [-74.517703, 40.375955], [-74.519467, 40.376457], [-74.520022, 40.376601], [-74.520718, 40.376784], [-74.522229, 40.377149], [-74.522535, 40.377193], [-74.524185, 40.37735], [-74.524348, 40.377372], [-74.525012, 40.377449], [-74.526347, 40.377605], [-74.526793, 40.377731], [-74.527368, 40.377995], [-74.528514, 40.378716], [-74.52893, 40.378978], [-74.5292, 40.379204], [-74.529359, 40.379345], [-74.529444, 40.379427], [-74.530656, 40.380616], [-74.530788, 40.380754], [-74.531145, 40.38106], [-74.531472, 40.381339], [-74.531558, 40.381447], [-74.531596, 40.381532], [-74.53161, 40.381666], [-74.53161, 40.38178], [-74.531586, 40.381961], [-74.531561, 40.382135], [-74.53147, 40.382409], [-74.5314, 40.382505], [-74.531273, 40.382619], [-74.530998, 40.382827], [-74.53071, 40.383008], [-74.530398, 40.383179], [-74.529738, 40.383487], [-74.529478, 40.383596], [-74.528621, 40.383961], [-74.527568, 40.38442], [-74.526807, 40.384788], [-74.525832, 40.385263], [-74.524923, 40.385726], [-74.522741, 40.386858], [-74.521255, 40.38762], [-74.520867, 40.387166], [-74.520686, 40.38696], [-74.52026, 40.386467], [-74.520133, 40.386319], [-74.519999, 40.386163], [-74.519909, 40.386059], [-74.519732, 40.385853], [-74.518768, 40.384722], [-74.518076, 40.383672], [-74.517649, 40.383018], [-74.517463, 40.382747], [-74.517032, 40.382196], [-74.516927, 40.38206], [-74.516103, 40.382206], [-74.513607, 40.382646], [-74.512899, 40.382723], [-74.512088, 40.382756], [-74.51137, 40.382711], [-74.510694, 40.382625], [-74.510125, 40.382519], [-74.50939, 40.382298], [-74.508634, 40.382025], [-74.50781, 40.381707], [-74.507206, 40.381475], [-74.506299, 40.381126], [-74.505341, 40.380757], [-74.503564, 40.380063], [-74.503221, 40.379945], [-74.501682, 40.379503], [-74.501435, 40.379451], [-74.501226, 40.379403], [-74.500855, 40.379354], [-74.500589, 40.379326], [-74.500299, 40.379317], [-74.499656, 40.379311], [-74.499209, 40.379378], [-74.49885, 40.379396], [-74.498476, 40.379414], [-74.498518, 40.379928], [-74.498585, 40.380123], [-74.498718, 40.380311], [-74.49895, 40.380462], [-74.499069, 40.380583], [-74.499159, 40.380745], [-74.499203, 40.380874], [-74.499239, 40.381076], [-74.499224, 40.381273], [-74.499141, 40.381405], [-74.498976, 40.381603], [-74.497807, 40.383147], [-74.497133, 40.384034], [-74.496802, 40.384486], [-74.496332, 40.385037], [-74.496157, 40.38521], [-74.495808, 40.385465], [-74.495153, 40.385852], [-74.494814, 40.386094], [-74.494585, 40.386312], [-74.494441, 40.386516], [-74.493739, 40.387607], [-74.493295, 40.388381], [-74.493051, 40.388748], [-74.492912, 40.388902], [-74.49211, 40.389674], [-74.491606, 40.390094], [-74.491081, 40.390631], [-74.490031, 40.391705], [-74.48987, 40.391869], [-74.489486, 40.392249], [-74.489193, 40.392535], [-74.489023, 40.392704], [-74.488897, 40.392829], [-74.488672, 40.393043], [-74.487897, 40.393802], [-74.487513, 40.394173], [-74.487446, 40.394241], [-74.48708, 40.394595], [-74.486082, 40.395561], [-74.484708, 40.396926], [-74.484598, 40.397034], [-74.484564, 40.397066], [-74.483882, 40.397733], [-74.483479, 40.398125], [-74.483285, 40.398286], [-74.483079, 40.398404], [-74.482889, 40.398474], [-74.48221, 40.398667], [-74.481871, 40.39877], [-74.480886, 40.399067], [-74.480084, 40.399288], [-74.479201, 40.399507], [-74.478992, 40.399555], [-74.478014, 40.399778], [-74.476328, 40.400211], [-74.475521, 40.400417], [-74.475364, 40.400455], [-74.473552, 40.400881], [-74.472228, 40.401247], [-74.472096, 40.401296], [-74.471695, 40.401498], [-74.468822, 40.403066], [-74.467559, 40.403767], [-74.467306, 40.403908], [-74.466065, 40.404596], [-74.465872, 40.404743], [-74.465763, 40.405015], [-74.465733, 40.405235], [-74.465693, 40.405687], [-74.465689, 40.406135], [-74.465742, 40.406837], [-74.465723, 40.40734], [-74.465671, 40.407565], [-74.465437, 40.408274], [-74.465285, 40.408855], [-74.465123, 40.409463], [-74.46505, 40.40982], [-74.465033, 40.409948], [-74.464909, 40.410959], [-74.464773, 40.412774], [-74.464686, 40.413649], [-74.464615, 40.414243], [-74.464582, 40.41475], [-74.464516, 40.415957], [-74.464395, 40.416706], [-74.464285, 40.417209], [-74.464218, 40.417337], [-74.463883, 40.417681], [-74.462225, 40.419244], [-74.460517, 40.420913], [-74.459266, 40.422084], [-74.459188, 40.422158], [-74.458838, 40.422504], [-74.457815, 40.423438], [-74.456996, 40.424204], [-74.456516, 40.424653], [-74.455761, 40.425366], [-74.455513, 40.425601], [-74.455155, 40.425948], [-74.45402, 40.427013], [-74.452477, 40.42852], [-74.451112, 40.429837], [-74.450471, 40.430469], [-74.447528, 40.433327], [-74.445951, 40.435009], [-74.445436, 40.435502], [-74.445023, 40.435875], [-74.444367, 40.436466], [-74.443701, 40.437066], [-74.443356, 40.437399], [-74.443, 40.437752], [-74.442232, 40.438526], [-74.441875, 40.438886], [-74.441839, 40.438922], [-74.441157, 40.439608], [-74.439583, 40.441177], [-74.439336, 40.441364], [-74.43789, 40.442347], [-74.437735, 40.442447], [-74.437613, 40.442464], [-74.437568, 40.442589], [-74.437451, 40.44273], [-74.437287, 40.442911], [-74.437082, 40.442617], [-74.436947, 40.442522], [-74.436736, 40.442448], [-74.43665, 40.442382], [-74.436544, 40.442264], [-74.436333, 40.441831], [-74.436208, 40.441743], [-74.43592, 40.441478], [-74.435882, 40.441324], [-74.435728, 40.440927], [-74.435595, 40.44067], [-74.435348, 40.441], [-74.434967, 40.441306], [-74.434854, 40.441379], [-74.433504, 40.442343], [-74.432732, 40.442872], [-74.431769, 40.443595], [-74.431374, 40.443376], [-74.431127, 40.443068], [-74.430934, 40.442807], [-74.430504, 40.442203], [-74.430082, 40.441596], [-74.429693, 40.440964], [-74.429311, 40.440356], [-74.42869, 40.439354], [-74.428567, 40.439161], [-74.428174, 40.438594], [-74.427912, 40.438366], [-74.427655, 40.438154], [-74.427441, 40.438055], [-74.427028, 40.437862], [-74.426118, 40.437668], [-74.425053, 40.43748], [-74.424625, 40.437382], [-74.42431, 40.437201], [-74.423893, 40.436933], [-74.423651, 40.436797], [-74.423494, 40.436698], [-74.423402, 40.436642], [-74.423262, 40.436577], [-74.423146, 40.436544], [-74.422703, 40.436496], [-74.42235, 40.436459], [-74.422252, 40.436448], [-74.422153, 40.436436], [-74.421992, 40.436418], [-74.421069, 40.436345], [-74.420533, 40.436341], [-74.420075, 40.43638], [-74.419826, 40.436416], [-74.419481, 40.436497], [-74.419183, 40.436589], [-74.418906, 40.436694], [-74.418533, 40.436861], [-74.418101, 40.437109], [-74.417616, 40.437476], [-74.416293, 40.438625], [-74.416172, 40.438726], [-74.415854, 40.438956], [-74.415581, 40.439115], [-74.415132, 40.439327], [-74.414753, 40.439465], [-74.414408, 40.43957], [-74.413094, 40.439914], [-74.412211, 40.440124], [-74.411201, 40.440355], [-74.410867, 40.44043], [-74.410361, 40.440543], [-74.410083, 40.440606], [-74.409731, 40.440684], [-74.408541, 40.440932], [-74.408078, 40.441014], [-74.407472, 40.441063], [-74.407021, 40.441063], [-74.406581, 40.440997], [-74.405322, 40.44075], [-74.404662, 40.440668], [-74.404225, 40.440649], [-74.403107, 40.440718], [-74.400499, 40.440922], [-74.399605, 40.440989], [-74.39871, 40.441061], [-74.397806, 40.441127], [-74.397282, 40.441162], [-74.397134, 40.441172], [-74.397004, 40.441163], [-74.396603, 40.441189], [-74.396151, 40.441227], [-74.396024, 40.441271], [-74.395571, 40.441309], [-74.394807, 40.44136], [-74.394516, 40.44127], [-74.394433, 40.441219], [-74.394271, 40.441032], [-74.394167, 40.440759], [-74.39397, 40.440307], [-74.393674, 40.439803], [-74.393369, 40.439282], [-74.393207, 40.439063], [-74.393141, 40.43896], [-74.392483, 40.438186], [-74.392393, 40.438088], [-74.391572, 40.437184], [-74.391255, 40.436841], [-74.391016, 40.436583], [-74.390184, 40.435681], [-74.389742, 40.435222], [-74.389044, 40.434478], [-74.388643, 40.434033], [-74.388057, 40.433401], [-74.387842, 40.433169], [-74.387752, 40.433072], [-74.387609, 40.432917], [-74.387438, 40.432733], [-74.387304, 40.432588], [-74.386684, 40.431919], [-74.386367, 40.431577], [-74.386114, 40.431305], [-74.385545, 40.430691], [-74.385501, 40.430643], [-74.385189, 40.430307], [-74.385085, 40.430195], [-74.384785, 40.429875], [-74.384647, 40.429722], [-74.384244, 40.429287], [-74.384001, 40.429024], [-74.383729, 40.428731], [-74.383573, 40.428564], [-74.383387, 40.428362], [-74.383268, 40.428232], [-74.38188, 40.426724], [-74.38168, 40.426507], [-74.381514, 40.426334], [-74.380809, 40.42562], [-74.380351, 40.425141], [-74.380044, 40.424819], [-74.379933, 40.424698], [-74.37975, 40.424499], [-74.379331, 40.424043], [-74.379199, 40.4239], [-74.378894, 40.423572], [-74.377865, 40.422466], [-74.377307, 40.421866], [-74.376507, 40.420972], [-74.376359, 40.420812], [-74.376123, 40.420557], [-74.375638, 40.420033], [-74.375447, 40.419827], [-74.375116, 40.419469], [-74.374924, 40.419286], [-74.374769, 40.419144], [-74.374572, 40.418963], [-74.372528, 40.417367], [-74.37195, 40.416933], [-74.371616, 40.416678], [-74.371358, 40.416481], [-74.370999, 40.416206], [-74.370715, 40.41599], [-74.370291, 40.415671], [-74.369601, 40.415168], [-74.368981, 40.414681], [-74.367824, 40.413792], [-74.367788, 40.413764], [-74.366407, 40.412655], [-74.365409, 40.411921], [-74.364916, 40.411595], [-74.364401, 40.411289], [-74.362637, 40.410306], [-74.362025, 40.409937], [-74.361664, 40.409671], [-74.361196, 40.409252], [-74.36086, 40.408903], [-74.359675, 40.407543], [-74.359324, 40.407241], [-74.358717, 40.406803], [-74.358578, 40.406705], [-74.358272, 40.406496], [-74.357793, 40.406175], [-74.357399, 40.40591], [-74.356911, 40.405578], [-74.356416, 40.405239], [-74.355904, 40.40486], [-74.355678, 40.404696], [-74.354421, 40.403688], [-74.353288, 40.402741], [-74.351203, 40.401], [-74.350324, 40.400272], [-74.350105, 40.400427], [-74.349815, 40.400656], [-74.349279, 40.40108], [-74.347815, 40.400875], [-74.347658, 40.400872], [-74.347621, 40.400773], [-74.347618, 40.400666], [-74.347573, 40.40052], [-74.347443, 40.400375], [-74.347299, 40.400288], [-74.347106, 40.400202], [-74.346881, 40.400131], [-74.345796, 40.399414], [-74.345174, 40.399882], [-74.345601, 40.400182]]}, "properties": {"seed": 7, "km": 74.0, "minutes": 90, "backroad_pct": 61, "state_road_pct": 39, "highway_pct": 18, "stroke": "#d33", "stroke-width": 3}}, {"type": "Feature", "geometry": {"type": "LineString", "coordinates": [[-74.345601, 40.400182], [-74.346271, 40.400653], [-74.346691, 40.401137], [-74.347234, 40.400927], [-74.347658, 40.400872], [-74.347815, 40.400875], [-74.349279, 40.40108], [-74.349815, 40.400656], [-74.350105, 40.400427], [-74.354207, 40.403745], [-74.35578, 40.404928], [-74.356842, 40.405664], [-74.358579, 40.406855], [-74.358998, 40.407165], [-74.359374, 40.407474], [-74.36001, 40.408124], [-74.360769, 40.409021], [-74.36113, 40.409397], [-74.361607, 40.409813], [-74.362013, 40.410099], [-74.362663, 40.410517], [-74.364928, 40.411817], [-74.366259, 40.412769], [-74.367635, 40.413832], [-74.367735, 40.413908], [-74.367933, 40.414231], [-74.368244, 40.415512], [-74.368211, 40.415605], [-74.36814, 40.415676], [-74.368035, 40.415733], [-74.367925, 40.41577], [-74.367818, 40.415827], [-74.367679, 40.415852], [-74.367563, 40.415621], [-74.367423, 40.41539], [-74.367294, 40.415108], [-74.367106, 40.414778], [-74.36692, 40.414485], [-74.366795, 40.414341], [-74.366815, 40.414126], [-74.366922, 40.414006], [-74.367226, 40.413857], [-74.368897, 40.413109], [-74.369293, 40.412911], [-74.369385, 40.412835], [-74.369775, 40.412405], [-74.369843, 40.412334], [-74.37069, 40.411458], [-74.370783, 40.41149], [-74.370875, 40.411497], [-74.371168, 40.411447], [-74.372497, 40.41122], [-74.373052, 40.411122], [-74.373641, 40.411017], [-74.374794, 40.410841], [-74.375556, 40.410748], [-74.376069, 40.410662], [-74.376341, 40.410607], [-74.377121, 40.410399], [-74.378116, 40.410136], [-74.378973, 40.409854], [-74.379114, 40.409792], [-74.379737, 40.409521], [-74.379996, 40.409431], [-74.380615, 40.409263], [-74.380921, 40.40918], [-74.382127, 40.408848], [-74.383014, 40.408596], [-74.383427, 40.408477], [-74.384194, 40.408273], [-74.385129, 40.408017], [-74.385443, 40.407935], [-74.385739, 40.407849], [-74.386082, 40.407754], [-74.386343, 40.40768], [-74.38644, 40.407653], [-74.386572, 40.407616], [-74.386693, 40.407581], [-74.387025, 40.407487], [-74.387396, 40.407392], [-74.388267, 40.407161], [-74.388305, 40.40715], [-74.388464, 40.407103], [-74.388822, 40.406996], [-74.389125, 40.406904], [-74.389697, 40.406699], [-74.390171, 40.406523], [-74.391855, 40.4059], [-74.391935, 40.405871], [-74.39458, 40.40486], [-74.395394, 40.404559], [-74.398455, 40.40345], [-74.398947, 40.403316], [-74.399649, 40.403154], [-74.401405, 40.402795], [-74.40288, 40.40248], [-74.403571, 40.402317], [-74.405195, 40.401887], [-74.406572, 40.401536], [-74.407136, 40.401392], [-74.409377, 40.400821], [-74.409813, 40.400729], [-74.410434, 40.400597], [-74.410795, 40.400521], [-74.411692, 40.40033], [-74.412304, 40.400165], [-74.412637, 40.400043], [-74.414343, 40.399238], [-74.414813, 40.399016], [-74.417129, 40.398061], [-74.419004, 40.39728], [-74.419492, 40.397076], [-74.420311, 40.396654], [-74.421747, 40.395858], [-74.422618, 40.395352], [-74.424181, 40.394377], [-74.424952, 40.393926], [-74.425416, 40.393709], [-74.425724, 40.393586], [-74.426353, 40.393387], [-74.427485, 40.39313], [-74.428017, 40.393008], [-74.428273, 40.392922], [-74.428644, 40.392772], [-74.43014, 40.39192], [-74.430632, 40.391649], [-74.431507, 40.391206], [-74.432765, 40.390643], [-74.433063, 40.390543], [-74.434205, 40.39021], [-74.435489, 40.391225], [-74.435568, 40.391289], [-74.43606, 40.39163], [-74.436213, 40.391744], [-74.436863, 40.392215], [-74.437197, 40.391751], [-74.437442, 40.391411], [-74.438882, 40.389409], [-74.439644, 40.388526], [-74.440758, 40.387256], [-74.442807, 40.385643], [-74.443198, 40.385395], [-74.443362, 40.385291], [-74.444031, 40.384977], [-74.444803, 40.384664], [-74.446532, 40.383965], [-74.447042, 40.383741], [-74.448952, 40.382781], [-74.449829, 40.382338], [-74.45017, 40.382134], [-74.450393, 40.381947], [-74.452421, 40.38009], [-74.453112, 40.379461], [-74.453979, 40.37866], [-74.45455, 40.378033], [-74.455283, 40.37726], [-74.455402, 40.37713], [-74.455563, 40.376956], [-74.455922, 40.376566], [-74.456088, 40.37636], [-74.456267, 40.376079], [-74.456443, 40.375646], [-74.456738, 40.374669], [-74.456988, 40.373896], [-74.457477, 40.372771], [-74.457746, 40.372265], [-74.458074, 40.371648], [-74.458321, 40.371231], [-74.458638, 40.370701], [-74.459507, 40.36926], [-74.459701, 40.368935], [-74.460379, 40.367799], [-74.460685, 40.367388], [-74.460814, 40.367253], [-74.461132, 40.366888], [-74.462376, 40.365663], [-74.463748, 40.364262], [-74.463892, 40.364113], [-74.464271, 40.363743], [-74.46457, 40.363433], [-74.465082, 40.362899], [-74.46554, 40.362367], [-74.465787, 40.362081], [-74.4663, 40.361422], [-74.466378, 40.361337], [-74.464366, 40.360387], [-74.46397, 40.360165], [-74.463293, 40.359809], [-74.462219, 40.359134], [-74.461538, 40.358642], [-74.461441, 40.358722], [-74.462124, 40.359216], [-74.463206, 40.359896], [-74.463877, 40.360268], [-74.464287, 40.360478], [-74.4663, 40.361422], [-74.466378, 40.361337], [-74.467032, 40.360551], [-74.467622, 40.360034], [-74.468891, 40.359007], [-74.469527, 40.358454], [-74.4699, 40.358197], [-74.471056, 40.35751], [-74.47246, 40.356683], [-74.473105, 40.356348], [-74.473587, 40.356123], [-74.473829, 40.356029], [-74.474909, 40.355649], [-74.475732, 40.355396], [-74.476057, 40.355325], [-74.477098, 40.355192], [-74.477435, 40.355121], [-74.47772, 40.355037], [-74.478011, 40.354915], [-74.478257, 40.35477], [-74.478502, 40.354583], [-74.47884, 40.35427], [-74.480464, 40.354664], [-74.48138, 40.354877], [-74.482822, 40.35521], [-74.482858, 40.355219], [-74.483198, 40.3553], [-74.483813, 40.355448], [-74.48506, 40.355746], [-74.486881, 40.356172], [-74.487047, 40.356211], [-74.488797, 40.356623], [-74.490159, 40.356948], [-74.490495, 40.357025], [-74.491583, 40.357263], [-74.49266, 40.357517], [-74.492714, 40.35753], [-74.493464, 40.357707], [-74.493661, 40.357766], [-74.49398, 40.357828], [-74.494573, 40.357968], [-74.494882, 40.358041], [-74.495027, 40.358098], [-74.495174, 40.358186], [-74.495239, 40.358251], [-74.495422, 40.358826], [-74.495913, 40.360019], [-74.496146, 40.360654], [-74.496525, 40.361604], [-74.496729, 40.362096], [-74.496887, 40.362483], [-74.497335, 40.363582], [-74.498143, 40.365464], [-74.498315, 40.365879], [-74.498748, 40.366952], [-74.499496, 40.369161], [-74.499598, 40.369474], [-74.500068, 40.371228], [-74.500215, 40.371858], [-74.50047, 40.373291], [-74.500492, 40.373466], [-74.500546, 40.373845], [-74.500626, 40.374378], [-74.500717, 40.37526], [-74.500953, 40.377095], [-74.501154, 40.378173], [-74.501162, 40.378208], [-74.501206, 40.378409], [-74.501435, 40.379451], [-74.501466, 40.379573], [-74.501673, 40.380344], [-74.501807, 40.380786], [-74.501887, 40.38103], [-74.502075, 40.381607], [-74.502433, 40.382645], [-74.502651, 40.383265], [-74.502784, 40.383645], [-74.502875, 40.383916], [-74.503661, 40.386256], [-74.504671, 40.389052], [-74.504768, 40.389325], [-74.505592, 40.391641], [-74.50681, 40.39517], [-74.506985, 40.395661], [-74.507065, 40.395885], [-74.507337, 40.396661], [-74.507519, 40.397216], [-74.507593, 40.397452], [-74.507691, 40.397851], [-74.50786, 40.39855], [-74.507996, 40.399134], [-74.508049, 40.399445], [-74.508168, 40.400568], [-74.508227, 40.401222], [-74.508404, 40.401328], [-74.508772, 40.401563], [-74.509387, 40.401933], [-74.510511, 40.40261], [-74.512021, 40.403759], [-74.512369, 40.404023], [-74.513621, 40.404968], [-74.514016, 40.405266], [-74.514422, 40.405008], [-74.515233, 40.404513], [-74.51559, 40.404276], [-74.515701, 40.404379], [-74.515817, 40.404524], [-74.515959, 40.404713], [-74.516454, 40.405352], [-74.516641, 40.405592], [-74.517302, 40.406448], [-74.517842, 40.407085], [-74.518305, 40.407676], [-74.518599, 40.408051], [-74.518861, 40.408442], [-74.51898, 40.408615], [-74.519374, 40.40909], [-74.52283, 40.413479], [-74.525059, 40.416287], [-74.525995, 40.417477], [-74.528294, 40.420401], [-74.528549, 40.420726], [-74.52882, 40.42107], [-74.528922, 40.421156], [-74.529991, 40.420287], [-74.53047, 40.419898], [-74.531127, 40.419365], [-74.531367, 40.419171], [-74.531575, 40.419], [-74.531829, 40.418793], [-74.53671, 40.414826], [-74.537062, 40.414627], [-74.537392, 40.414502], [-74.53759, 40.414463], [-74.537787, 40.414468], [-74.538192, 40.414552], [-74.539582, 40.415548], [-74.540667, 40.416561], [-74.541262, 40.417431], [-74.541658, 40.4182], [-74.541702, 40.418332], [-74.542274, 40.420136], [-74.542314, 40.420262], [-74.542657, 40.421238], [-74.543018, 40.422323], [-74.543237, 40.422915], [-74.543395, 40.423378], [-74.543544, 40.423719], [-74.543843, 40.424314], [-74.544447, 40.425306], [-74.544612, 40.425642], [-74.544776, 40.42611], [-74.544855, 40.426466], [-74.545116, 40.428286], [-74.545252, 40.428845], [-74.545375, 40.429227], [-74.545491, 40.429593], [-74.545641, 40.43001], [-74.546458, 40.432473], [-74.546535, 40.432696], [-74.546573, 40.432791], [-74.546668, 40.433024], [-74.546899, 40.433462], [-74.546525, 40.433635], [-74.546302, 40.433753], [-74.545937, 40.433902], [-74.545685, 40.434008], [-74.545452, 40.434113], [-74.545323, 40.434171], [-74.545207, 40.434223], [-74.545038, 40.434299], [-74.544837, 40.43439], [-74.544609, 40.434492], [-74.544478, 40.434551], [-74.544259, 40.43465], [-74.54402, 40.434757], [-74.543806, 40.434854], [-74.543119, 40.435163], [-74.542959, 40.435235], [-74.542867, 40.435277], [-74.542785, 40.435313], [-74.542569, 40.435411], [-74.542352, 40.435508], [-74.541962, 40.435684], [-74.541769, 40.435771], [-74.541537, 40.435875], [-74.540911, 40.436157], [-74.540551, 40.436319], [-74.540219, 40.436469], [-74.540199, 40.436478], [-74.539731, 40.436685], [-74.539278, 40.436894], [-74.539242, 40.436908], [-74.539077, 40.436983], [-74.538885, 40.43707], [-74.538487, 40.43725], [-74.538294, 40.437336], [-74.537727, 40.437587], [-74.537174, 40.437833], [-74.537038, 40.437898], [-74.536933, 40.437948], [-74.536273, 40.438278], [-74.536239, 40.4383], [-74.535611, 40.438726], [-74.535555, 40.438764], [-74.535192, 40.439007], [-74.535058, 40.4391], [-74.534837, 40.439241], [-74.53465, 40.43936], [-74.533836, 40.439879], [-74.533606, 40.440025], [-74.533424, 40.440141], [-74.53312, 40.440335], [-74.532438, 40.44077], [-74.53228, 40.440871], [-74.531986, 40.44106], [-74.531895, 40.441118], [-74.531476, 40.441383], [-74.530986, 40.441695], [-74.530827, 40.441796], [-74.530711, 40.44187], [-74.530591, 40.441947], [-74.530453, 40.442035], [-74.530134, 40.442238], [-74.530054, 40.442289], [-74.529693, 40.44252], [-74.529459, 40.442669], [-74.529228, 40.442839], [-74.528981, 40.443024], [-74.528623, 40.443291], [-74.528566, 40.443334], [-74.528174, 40.443624], [-74.528032, 40.443731], [-74.527342, 40.444248], [-74.526948, 40.444574], [-74.526743, 40.444723], [-74.526576, 40.444859], [-74.526419, 40.445016], [-74.525345, 40.446151], [-74.52391, 40.447677], [-74.5236, 40.44801], [-74.523317, 40.448313], [-74.522758, 40.448898], [-74.522437, 40.449247], [-74.522087, 40.449616], [-74.52196, 40.449754], [-74.521874, 40.449842], [-74.521521, 40.450227], [-74.521202, 40.450548], [-74.520653, 40.451086], [-74.520123, 40.451447], [-74.519437, 40.451885], [-74.51892, 40.45224], [-74.518729, 40.452366], [-74.518494, 40.452529], [-74.514418, 40.45526], [-74.512841, 40.456321], [-74.51265, 40.456446], [-74.512389, 40.456621], [-74.511985, 40.456954], [-74.511308, 40.457608], [-74.511043, 40.457858], [-74.510964, 40.457936], [-74.510515, 40.458381], [-74.509807, 40.459071], [-74.509603, 40.45927], [-74.509298, 40.459563], [-74.509028, 40.459828], [-74.508839, 40.460013], [-74.508548, 40.460294], [-74.508116, 40.460714], [-74.507927, 40.460887], [-74.507814, 40.460988], [-74.507718, 40.461067], [-74.507105, 40.461466], [-74.505871, 40.46222], [-74.504583, 40.462993], [-74.504476, 40.463059], [-74.503849, 40.463447], [-74.503427, 40.463706], [-74.502486, 40.464293], [-74.501718, 40.464777], [-74.501414, 40.464966], [-74.500848, 40.465331], [-74.50037, 40.465629], [-74.499997, 40.465867], [-74.499533, 40.46616], [-74.499113, 40.466438], [-74.498327, 40.466942], [-74.498132, 40.467074], [-74.497606, 40.467422], [-74.497551, 40.467457], [-74.496805, 40.467952], [-74.496633, 40.468067], [-74.496246, 40.468318], [-74.495843, 40.46857], [-74.495502, 40.4688], [-74.495282, 40.468969], [-74.494481, 40.469653], [-74.49421, 40.469913], [-74.493688, 40.470396], [-74.493568, 40.470504], [-74.493541, 40.470531], [-74.492955, 40.471069], [-74.492888, 40.471131], [-74.492411, 40.471573], [-74.49228, 40.471702], [-74.491527, 40.472385], [-74.4914, 40.472498], [-74.49117, 40.472709], [-74.491139, 40.472747], [-74.490851, 40.473025], [-74.490578, 40.473303], [-74.490462, 40.473418], [-74.490252, 40.473629], [-74.49012, 40.473776], [-74.489876, 40.474069], [-74.489846, 40.474102], [-74.48968, 40.474289], [-74.489514, 40.474469], [-74.489351, 40.474648], [-74.489166, 40.474852], [-74.489098, 40.474927], [-74.48904, 40.474991], [-74.488858, 40.475192], [-74.488816, 40.475239], [-74.487839, 40.476317], [-74.487679, 40.476497], [-74.487242, 40.47699], [-74.486821, 40.477464], [-74.486094, 40.478281], [-74.486036, 40.478346], [-74.485728, 40.478699], [-74.485617, 40.478835], [-74.485519, 40.478943], [-74.485102, 40.479405], [-74.484937, 40.479591], [-74.484674, 40.479837], [-74.484608, 40.479899], [-74.484106, 40.48036], [-74.483782, 40.480608], [-74.483696, 40.480673], [-74.483543, 40.48079], [-74.483425, 40.480886], [-74.483298, 40.480988], [-74.482715, 40.481513], [-74.482387, 40.481759], [-74.482002, 40.481985], [-74.481621, 40.482218], [-74.481526, 40.482267], [-74.481325, 40.482383], [-74.481251, 40.482426], [-74.481176, 40.482469], [-74.48093, 40.482611], [-74.480785, 40.482693], [-74.48061, 40.482792], [-74.48043, 40.482894], [-74.480205, 40.483021], [-74.48002, 40.483127], [-74.479905, 40.483193], [-74.479742, 40.483287], [-74.479488, 40.483433], [-74.479762, 40.483702], [-74.480406, 40.484334], [-74.481048, 40.484974], [-74.481281, 40.485206], [-74.481587, 40.485504], [-74.481829, 40.485739], [-74.482202, 40.486141], [-74.482261, 40.486226], [-74.482463, 40.48653], [-74.48261, 40.48686], [-74.482663, 40.486996], [-74.482725, 40.487153], [-74.482859, 40.487495], [-74.48293, 40.487674], [-74.483076, 40.488018], [-74.483243, 40.488253], [-74.483621, 40.488673], [-74.483726, 40.488842], [-74.483836, 40.489027], [-74.48393, 40.489298], [-74.483965, 40.489565], [-74.483962, 40.489669], [-74.483887, 40.490044], [-74.483814, 40.490211], [-74.483668, 40.490457], [-74.482941, 40.491258], [-74.481514, 40.492679], [-74.480415, 40.493728], [-74.480348, 40.493792], [-74.479975, 40.494147], [-74.479581, 40.494524], [-74.478901, 40.495189], [-74.47879, 40.495297], [-74.478251, 40.495806], [-74.478146, 40.495905], [-74.477764, 40.496266], [-74.477981, 40.496408], [-74.478293, 40.496612], [-74.479671, 40.497461], [-74.481481, 40.498553], [-74.481866, 40.498784], [-74.482545, 40.499191], [-74.483217, 40.499585], [-74.484049, 40.500068], [-74.484005, 40.500119], [-74.483925, 40.500288], [-74.483878, 40.500458], [-74.483799, 40.500564], [-74.483648, 40.500677], [-74.483068, 40.500897], [-74.483615, 40.501449], [-74.483732, 40.501588], [-74.484023, 40.502048], [-74.484142, 40.502196], [-74.484561, 40.502508], [-74.484994, 40.502804], [-74.48511, 40.502973], [-74.485112, 40.503208], [-74.485093, 40.503274], [-74.48498, 40.503467], [-74.484978, 40.503608], [-74.485049, 40.503848], [-74.484867, 40.503921], [-74.484762, 40.503985], [-74.484571, 40.504139], [-74.484405, 40.504268], [-74.483857, 40.504804], [-74.483477, 40.505098], [-74.482293, 40.505844], [-74.482607, 40.506272], [-74.482353, 40.50639], [-74.482139, 40.506539], [-74.4819, 40.506743], [-74.481575, 40.507075], [-74.479949, 40.508624], [-74.479232, 40.509322], [-74.478992, 40.509555], [-74.478192, 40.509246], [-74.477955, 40.509154], [-74.477416, 40.508946], [-74.475525, 40.508215], [-74.474988, 40.508008], [-74.47455, 40.507848], [-74.473853, 40.507569], [-74.473312, 40.507357], [-74.472997, 40.507238], [-74.472121, 40.5069], [-74.471195, 40.506542], [-74.470767, 40.506376], [-74.470419, 40.506242], [-74.46988, 40.506034], [-74.469739, 40.505979], [-74.469089, 40.505728], [-74.468729, 40.505589], [-74.468198, 40.505383], [-74.468083, 40.505338], [-74.467631, 40.505161], [-74.4674, 40.50507], [-74.467207, 40.504996], [-74.466946, 40.504891], [-74.466012, 40.504531], [-74.464974, 40.504128], [-74.464857, 40.504082], [-74.462464, 40.503152], [-74.459976, 40.502177], [-74.459725, 40.502078], [-74.459612, 40.502035], [-74.459297, 40.50191], [-74.458849, 40.501737], [-74.458375, 40.501555], [-74.458243, 40.501504], [-74.458085, 40.501442], [-74.457646, 40.50127], [-74.457461, 40.501198], [-74.45713, 40.501068], [-74.456498, 40.500822], [-74.455584, 40.500468], [-74.455271, 40.500347], [-74.455241, 40.500335], [-74.45464, 40.500102], [-74.453641, 40.499705], [-74.452864, 40.499401], [-74.452317, 40.499177], [-74.45183, 40.498979], [-74.450622, 40.49853], [-74.450044, 40.498294], [-74.449084, 40.497914], [-74.448412, 40.497648], [-74.4478, 40.497406], [-74.447629, 40.49731], [-74.446691, 40.496673], [-74.446613, 40.496624], [-74.446423, 40.496505], [-74.446166, 40.496311], [-74.446011, 40.496319], [-74.445561, 40.49648], [-74.44428, 40.496659], [-74.442598, 40.496892], [-74.442407, 40.496908], [-74.441767, 40.496976], [-74.441021, 40.497063], [-74.440854, 40.497134], [-74.440262, 40.497209], [-74.439775, 40.497268], [-74.438899, 40.497381], [-74.437867, 40.497521], [-74.437009, 40.49764], [-74.436729, 40.497682], [-74.436361, 40.497738], [-74.436147, 40.497771], [-74.434698, 40.497948], [-74.434019, 40.498027], [-74.433948, 40.498036], [-74.433805, 40.498052], [-74.433628, 40.498071], [-74.433522, 40.498084], [-74.432931, 40.498153], [-74.432699, 40.498178], [-74.432294, 40.498225], [-74.431989, 40.498261], [-74.430259, 40.498466], [-74.429782, 40.498541], [-74.428948, 40.498808], [-74.428587, 40.498924], [-74.42839, 40.498987], [-74.427962, 40.499124], [-74.427674, 40.499219], [-74.427518, 40.499272], [-74.427317, 40.499338], [-74.427068, 40.499422], [-74.426899, 40.499484], [-74.426216, 40.499732], [-74.425856, 40.499866], [-74.425226, 40.500101], [-74.424743, 40.500281], [-74.424285, 40.500453], [-74.423336, 40.500833], [-74.423195, 40.500787], [-74.423035, 40.500781], [-74.422467, 40.500836], [-74.4223, 40.500852], [-74.422103, 40.500871], [-74.421867, 40.500894], [-74.42156, 40.500924], [-74.421151, 40.500963], [-74.421065, 40.500972], [-74.420981, 40.50098], [-74.42079, 40.500998], [-74.419985, 40.501076], [-74.419528, 40.50112], [-74.419202, 40.501152], [-74.418792, 40.501192], [-74.418548, 40.501215], [-74.418244, 40.501245], [-74.417348, 40.501332], [-74.416806, 40.501384], [-74.416646, 40.501399], [-74.416539, 40.50141], [-74.416153, 40.501445], [-74.415928, 40.501444], [-74.415663, 40.501433], [-74.415437, 40.501417], [-74.41525, 40.501403], [-74.415033, 40.501388], [-74.414633, 40.501361], [-74.414361, 40.501342], [-74.414277, 40.501336], [-74.413457, 40.501279], [-74.41287, 40.501238], [-74.412564, 40.501217], [-74.412294, 40.501199], [-74.411972, 40.501179], [-74.411651, 40.501159], [-74.411441, 40.501147], [-74.411268, 40.501137], [-74.411019, 40.501121], [-74.410932, 40.501116], [-74.41065, 40.501042], [-74.410107, 40.500993], [-74.409482, 40.50075], [-74.408705, 40.500338], [-74.408249, 40.500122], [-74.407963, 40.500024], [-74.407373, 40.499866], [-74.406817, 40.499732], [-74.406569, 40.499668], [-74.405583, 40.499437], [-74.405132, 40.499367], [-74.404487, 40.499345], [-74.404093, 40.499349], [-74.403578, 40.49938], [-74.403074, 40.49945], [-74.402516, 40.499579], [-74.402032, 40.499728], [-74.401759, 40.499862], [-74.40108, 40.50009], [-74.400326, 40.500326], [-74.399895, 40.500399], [-74.399433, 40.500438], [-74.399054, 40.500471], [-74.398774, 40.500495], [-74.398379, 40.500529], [-74.397883, 40.500575], [-74.397372, 40.500631], [-74.396072, 40.500828], [-74.395181, 40.500974], [-74.39495, 40.501014], [-74.394234, 40.501135], [-74.39407, 40.501162], [-74.393692, 40.501228], [-74.392965, 40.501347], [-74.392446, 40.501447], [-74.391741, 40.501627], [-74.391697, 40.501638], [-74.391338, 40.501733], [-74.391017, 40.501817], [-74.390244, 40.502021], [-74.390119, 40.502054], [-74.389685, 40.502168], [-74.389172, 40.502304], [-74.389081, 40.502327], [-74.388668, 40.502436], [-74.388115, 40.502582], [-74.387946, 40.502626], [-74.387765, 40.502674], [-74.386236, 40.503077], [-74.386154, 40.503098], [-74.385921, 40.50316], [-74.385668, 40.503226], [-74.385087, 40.50338], [-74.384726, 40.503475], [-74.384339, 40.503576], [-74.384175, 40.50362], [-74.383999, 40.503666], [-74.383191, 40.503879], [-74.38298, 40.503935], [-74.382171, 40.504148], [-74.38204, 40.504182], [-74.381956, 40.504204], [-74.381894, 40.504219], [-74.38146, 40.504329], [-74.380643, 40.50453], [-74.380452, 40.504563], [-74.380288, 40.504589], [-74.380078, 40.504603], [-74.379745, 40.504582], [-74.378967, 40.504342], [-74.377857, 40.504032], [-74.377353, 40.503922], [-74.376891, 40.503869], [-74.376489, 40.503877], [-74.376146, 40.503922], [-74.375738, 40.504028], [-74.375384, 40.50415], [-74.375099, 40.504276], [-74.374799, 40.504472], [-74.374372, 40.504859], [-74.374177, 40.505124], [-74.374082, 40.505281], [-74.373869, 40.505726], [-74.373776, 40.505931], [-74.373466, 40.506596], [-74.37327, 40.506826], [-74.373125, 40.50705], [-74.372905, 40.507229], [-74.372685, 40.507336], [-74.372492, 40.507397], [-74.372278, 40.507421], [-74.372101, 40.507384], [-74.371865, 40.507283], [-74.371677, 40.507136], [-74.371511, 40.506899], [-74.371398, 40.506663], [-74.371129, 40.50572], [-74.371023, 40.504855], [-74.370946, 40.504759], [-74.370914, 40.504495], [-74.370865, 40.504104], [-74.370854, 40.504027], [-74.370575, 40.502119], [-74.370567, 40.502069], [-74.370322, 40.500633], [-74.370198, 40.500085], [-74.370106, 40.49946], [-74.369898, 40.499438], [-74.368286, 40.498938], [-74.3673, 40.498652], [-74.367148, 40.498593], [-74.366875, 40.498485], [-74.36673, 40.498629], [-74.366235, 40.49837], [-74.365351, 40.497973], [-74.365436, 40.497847], [-74.364869, 40.497595], [-74.364486, 40.497425], [-74.365062, 40.496749], [-74.365612, 40.496031], [-74.365656, 40.495856], [-74.365637, 40.495727], [-74.365577, 40.495605], [-74.364858, 40.495164], [-74.363399, 40.494124], [-74.362734, 40.493732], [-74.362176, 40.493553], [-74.361945, 40.493455], [-74.361402, 40.492809], [-74.36057, 40.49165], [-74.359858, 40.490966], [-74.36057, 40.49165], [-74.361402, 40.492809], [-74.361945, 40.493455], [-74.362176, 40.493553], [-74.362734, 40.493732], [-74.363399, 40.494124], [-74.364858, 40.495164], [-74.365577, 40.495605], [-74.365637, 40.495727], [-74.365656, 40.495856], [-74.365612, 40.496031], [-74.365062, 40.496749], [-74.364486, 40.497425], [-74.364869, 40.497595], [-74.365436, 40.497847], [-74.366227, 40.498198], [-74.366875, 40.498485], [-74.367148, 40.498593], [-74.367911, 40.497718], [-74.369484, 40.498221], [-74.369635, 40.498237], [-74.369914, 40.498199], [-74.370106, 40.49946], [-74.370198, 40.500085], [-74.370322, 40.500633], [-74.370567, 40.502069], [-74.369952, 40.502142], [-74.369837, 40.502155], [-74.36977, 40.502194], [-74.369087, 40.502297], [-74.369141, 40.502427], [-74.369166, 40.502608], [-74.370327, 40.502507], [-74.370357, 40.502695], [-74.370388, 40.502863], [-74.370422, 40.503048], [-74.37017, 40.503068], [-74.370039, 40.50308], [-74.370071, 40.503288], [-74.3701, 40.50348], [-74.370129, 40.503651], [-74.370173, 40.503909], [-74.370211, 40.504134], [-74.370469, 40.504112], [-74.370538, 40.504122], [-74.370609, 40.504153], [-74.370692, 40.504221], [-74.370778, 40.504335], [-74.370946, 40.504759], [-74.370883, 40.504856], [-74.371011, 40.505729], [-74.371134, 40.50668], [-74.371206, 40.507192], [-74.371186, 40.507401], [-74.371039, 40.507954], [-74.370851, 40.508282], [-74.370595, 40.508519], [-74.369529, 40.509223], [-74.36852, 40.509775], [-74.366311, 40.510968], [-74.366001, 40.511198], [-74.365412, 40.511532], [-74.365367, 40.511583], [-74.365363, 40.511662], [-74.365712, 40.51312], [-74.365774, 40.513392], [-74.365854, 40.513748], [-74.366067, 40.514216], [-74.366303, 40.514188], [-74.366592, 40.514196], [-74.367617, 40.51437], [-74.368472, 40.514512], [-74.368521, 40.51452], [-74.36941, 40.514669], [-74.369867, 40.514713], [-74.370452, 40.514693], [-74.370917, 40.514668], [-74.372139, 40.514638], [-74.372562, 40.514661], [-74.373142, 40.514792], [-74.373656, 40.514908], [-74.373741, 40.514928], [-74.374013, 40.514977], [-74.374098, 40.514995], [-74.374228, 40.51502], [-74.37432, 40.515037], [-74.37454, 40.515083], [-74.374843, 40.515143], [-74.375089, 40.515179], [-74.375601, 40.51496], [-74.375721, 40.51491], [-74.376057, 40.514771], [-74.376565, 40.514561], [-74.376855, 40.514441], [-74.377248, 40.514283], [-74.377494, 40.514185], [-74.378319, 40.513831], [-74.382776, 40.511971], [-74.38313, 40.511823], [-74.384537, 40.511237], [-74.384841, 40.51111], [-74.385268, 40.510937], [-74.385743, 40.510738], [-74.385898, 40.510673], [-74.386013, 40.510625], [-74.386572, 40.51039], [-74.386673, 40.510348], [-74.386871, 40.510264], [-74.387304, 40.510089], [-74.387753, 40.509898], [-74.388018, 40.509794], [-74.388351, 40.509649], [-74.388824, 40.509439], [-74.389374, 40.509179], [-74.389755, 40.50899], [-74.390215, 40.50875], [-74.390966, 40.508357], [-74.391564, 40.50805], [-74.391855, 40.507889], [-74.392376, 40.507606], [-74.392644, 40.50746], [-74.393262, 40.507149], [-74.39428, 40.506625], [-74.394734, 40.506392], [-74.3959, 40.505792], [-74.39651, 40.505468], [-74.396706, 40.505356], [-74.397575, 40.504903], [-74.397885, 40.50474], [-74.398799, 40.504254], [-74.399132, 40.504076], [-74.399337, 40.503966], [-74.399847, 40.503692], [-74.400243, 40.503479], [-74.400774, 40.503194], [-74.401526, 40.50279], [-74.401994, 40.502542], [-74.402847, 40.502104], [-74.403684, 40.501651], [-74.404278, 40.501341], [-74.404732, 40.501113], [-74.405264, 40.500821], [-74.406785, 40.500036], [-74.407546, 40.499657], [-74.409202, 40.498779], [-74.410008, 40.498359], [-74.41029, 40.498202], [-74.410573, 40.498018], [-74.41098, 40.497698], [-74.411414, 40.497298], [-74.411743, 40.496914], [-74.412128, 40.496372], [-74.412436, 40.495783], [-74.412765, 40.494932], [-74.412865, 40.494548], [-74.413097, 40.493328], [-74.413856, 40.48973], [-74.414031, 40.489051], [-74.414198, 40.488568], [-74.414432, 40.488083], [-74.414665, 40.487677], [-74.414748, 40.487533], [-74.415125, 40.487015], [-74.415506, 40.486572], [-74.415799, 40.486224], [-74.416209, 40.485754], [-74.416253, 40.485696], [-74.416465, 40.485457], [-74.416588, 40.485369], [-74.416832, 40.485199], [-74.416991, 40.485113], [-74.417219, 40.485022], [-74.417414, 40.484966], [-74.418477, 40.484794], [-74.418541, 40.484784], [-74.418875, 40.484688], [-74.418993, 40.484635], [-74.419094, 40.484567], [-74.419166, 40.484495], [-74.41925, 40.484367], [-74.419292, 40.484231], [-74.419295, 40.484139], [-74.419236, 40.483967], [-74.419114, 40.483818], [-74.418971, 40.483677], [-74.418524, 40.483302], [-74.41815, 40.483086], [-74.417684, 40.482875], [-74.417282, 40.482745], [-74.416859, 40.482659], [-74.416065, 40.482572], [-74.415753, 40.482541], [-74.41503, 40.482465], [-74.414139, 40.482369], [-74.41384, 40.482316], [-74.4136, 40.482257], [-74.413239, 40.482139], [-74.412868, 40.481977], [-74.412573, 40.481811], [-74.41216, 40.481506], [-74.41192, 40.481271], [-74.411764, 40.481091], [-74.411629, 40.480898], [-74.411522, 40.480702], [-74.411263, 40.480079], [-74.411114, 40.479652], [-74.410927, 40.479113], [-74.410673, 40.478459], [-74.410607, 40.47829], [-74.410553, 40.478151], [-74.410453, 40.477989], [-74.410291, 40.477591], [-74.410137, 40.477147], [-74.410044, 40.476769], [-74.409734, 40.474885], [-74.409705, 40.474582], [-74.409462, 40.473353], [-74.40909, 40.471485], [-74.408921, 40.470628], [-74.408912, 40.470576], [-74.408882, 40.470412], [-74.408794, 40.470161], [-74.40871, 40.469811], [-74.40862, 40.469572], [-74.408469, 40.46917], [-74.408148, 40.468529], [-74.407948, 40.468183], [-74.407798, 40.467923], [-74.407698, 40.46777], [-74.407418, 40.46735], [-74.407145, 40.46699], [-74.406862, 40.466617], [-74.406569, 40.466244], [-74.406388, 40.466013], [-74.406346, 40.465959], [-74.406088, 40.465621], [-74.405979, 40.465478], [-74.405686, 40.46512], [-74.40522, 40.46449], [-74.405023, 40.464196], [-74.404873, 40.463946], [-74.404624, 40.463546], [-74.404573, 40.463446], [-74.404549, 40.463376], [-74.404454, 40.463309], [-74.40416, 40.462779], [-74.403408, 40.461302], [-74.403252, 40.460997], [-74.40296, 40.460421], [-74.402739, 40.459995], [-74.402494, 40.459508], [-74.402362, 40.459253], [-74.402233, 40.458986], [-74.402184, 40.458894], [-74.401913, 40.458377], [-74.401786, 40.458134], [-74.401617, 40.457804], [-74.401507, 40.457587], [-74.401422, 40.457402], [-74.401321, 40.457211], [-74.40125, 40.457062], [-74.400983, 40.456505], [-74.400524, 40.4556], [-74.400215, 40.45505], [-74.400026, 40.454635], [-74.399928, 40.454451], [-74.399225, 40.453113], [-74.398831, 40.452351], [-74.398708, 40.452109], [-74.398649, 40.451994], [-74.398477, 40.451654], [-74.398394, 40.45149], [-74.398282, 40.451265], [-74.398147, 40.450996], [-74.398087, 40.450875], [-74.397963, 40.450627], [-74.397897, 40.450496], [-74.397833, 40.450369], [-74.397545, 40.449838], [-74.397367, 40.449491], [-74.397317, 40.449391], [-74.397167, 40.449092], [-74.397125, 40.449008], [-74.396869, 40.448499], [-74.396818, 40.448385], [-74.396675, 40.448111], [-74.396324, 40.447248], [-74.396242, 40.447024], [-74.396151, 40.446775], [-74.395911, 40.446052], [-74.395676, 40.445136], [-74.395398, 40.444252], [-74.395295, 40.443953], [-74.395203, 40.443635], [-74.394721, 40.442361], [-74.394625, 40.442041], [-74.394518, 40.441734], [-74.394498, 40.441678], [-74.394271, 40.441032], [-74.394167, 40.440759], [-74.39397, 40.440307], [-74.393674, 40.439803], [-74.393369, 40.439282], [-74.393207, 40.439063], [-74.393141, 40.43896], [-74.392483, 40.438186], [-74.392393, 40.438088], [-74.391572, 40.437184], [-74.391255, 40.436841], [-74.391016, 40.436583], [-74.390184, 40.435681], [-74.389742, 40.435222], [-74.389044, 40.434478], [-74.388643, 40.434033], [-74.388057, 40.433401], [-74.387842, 40.433169], [-74.387752, 40.433072], [-74.387609, 40.432917], [-74.387438, 40.432733], [-74.387304, 40.432588], [-74.386684, 40.431919], [-74.386367, 40.431577], [-74.386114, 40.431305], [-74.385545, 40.430691], [-74.385501, 40.430643], [-74.385189, 40.430307], [-74.385085, 40.430195], [-74.384785, 40.429875], [-74.384647, 40.429722], [-74.384244, 40.429287], [-74.384001, 40.429024], [-74.383729, 40.428731], [-74.383573, 40.428564], [-74.383387, 40.428362], [-74.383268, 40.428232], [-74.38188, 40.426724], [-74.38168, 40.426507], [-74.381514, 40.426334], [-74.380809, 40.42562], [-74.380351, 40.425141], [-74.380044, 40.424819], [-74.379933, 40.424698], [-74.37975, 40.424499], [-74.379331, 40.424043], [-74.379199, 40.4239], [-74.378894, 40.423572], [-74.377865, 40.422466], [-74.377307, 40.421866], [-74.376507, 40.420972], [-74.376359, 40.420812], [-74.376123, 40.420557], [-74.375638, 40.420033], [-74.375447, 40.419827], [-74.375116, 40.419469], [-74.374924, 40.419286], [-74.374769, 40.419144], [-74.374572, 40.418963], [-74.372528, 40.417367], [-74.37195, 40.416933], [-74.371616, 40.416678], [-74.371358, 40.416481], [-74.370999, 40.416206], [-74.370715, 40.41599], [-74.370291, 40.415671], [-74.369601, 40.415168], [-74.368981, 40.414681], [-74.367824, 40.413792], [-74.367788, 40.413764], [-74.366407, 40.412655], [-74.365409, 40.411921], [-74.364916, 40.411595], [-74.364401, 40.411289], [-74.362637, 40.410306], [-74.362025, 40.409937], [-74.361664, 40.409671], [-74.361196, 40.409252], [-74.36086, 40.408903], [-74.359675, 40.407543], [-74.359324, 40.407241], [-74.358717, 40.406803], [-74.358578, 40.406705], [-74.358272, 40.406496], [-74.357793, 40.406175], [-74.357399, 40.40591], [-74.356911, 40.405578], [-74.356416, 40.405239], [-74.355904, 40.40486], [-74.355678, 40.404696], [-74.354421, 40.403688], [-74.353288, 40.402741], [-74.351203, 40.401], [-74.350324, 40.400272], [-74.350105, 40.400427], [-74.349815, 40.400656], [-74.349279, 40.40108], [-74.347815, 40.400875], [-74.347658, 40.400872], [-74.347621, 40.400773], [-74.347618, 40.400666], [-74.347573, 40.40052], [-74.347443, 40.400375], [-74.347299, 40.400288], [-74.347106, 40.400202], [-74.346881, 40.400131], [-74.345796, 40.399414], [-74.345174, 40.399882], [-74.345601, 40.400182]]}, "properties": {"seed": 8, "km": 75.3, "minutes": 118, "backroad_pct": 64, "state_road_pct": 36, "highway_pct": 0, "stroke": "#d33", "stroke-width": 3}}, {"type": "Feature", "geometry": {"type": "LineString", "coordinates": [[-74.345601, 40.400182], [-74.346271, 40.400653], [-74.346691, 40.401137], [-74.347234, 40.400927], [-74.347658, 40.400872], [-74.347815, 40.400875], [-74.349279, 40.40108], [-74.349815, 40.400656], [-74.350105, 40.400427], [-74.350324, 40.400272], [-74.348687, 40.398842], [-74.348483, 40.398673], [-74.346447, 40.396974], [-74.346217, 40.396778], [-74.34341, 40.394431], [-74.34317, 40.394228], [-74.342914, 40.394016], [-74.342683, 40.393823], [-74.34109, 40.392498], [-74.340965, 40.392394], [-74.340309, 40.391848], [-74.339225, 40.390954], [-74.33903, 40.390793], [-74.338188, 40.390099], [-74.338015, 40.389957], [-74.333925, 40.386585], [-74.332095, 40.385188], [-74.331505, 40.384772], [-74.331011, 40.38442], [-74.329671, 40.383602], [-74.329067, 40.383234], [-74.328046, 40.382611], [-74.327351, 40.382187], [-74.326034, 40.381384], [-74.320616, 40.378082], [-74.319715, 40.37753], [-74.318455, 40.376787], [-74.317627, 40.376285], [-74.316872, 40.375854], [-74.316645, 40.375553], [-74.316601, 40.375316], [-74.316636, 40.375206], [-74.316795, 40.374994], [-74.316858, 40.374866], [-74.316883, 40.374738], [-74.31658, 40.374783], [-74.316435, 40.374828], [-74.316129, 40.375008], [-74.315802, 40.375288], [-74.315621, 40.375452], [-74.315503, 40.375536], [-74.315396, 40.375562], [-74.315241, 40.375539], [-74.314736, 40.375458], [-74.314437, 40.375414], [-74.31382, 40.375348], [-74.313466, 40.375274], [-74.312706, 40.375044], [-74.311393, 40.374559], [-74.310368, 40.374205], [-74.309666, 40.373992], [-74.309239, 40.373863], [-74.308883, 40.373758], [-74.30864, 40.373686], [-74.308209, 40.373588], [-74.308038, 40.373598], [-74.307946, 40.373603], [-74.307819, 40.373641], [-74.307488, 40.373742], [-74.306921, 40.37395], [-74.306634, 40.374065], [-74.306066, 40.374231], [-74.305989, 40.374253], [-74.305895, 40.374281], [-74.305647, 40.374353], [-74.304746, 40.374649], [-74.303573, 40.375028], [-74.303398, 40.375067], [-74.303058, 40.3751], [-74.302763, 40.375083], [-74.302479, 40.375018], [-74.30082, 40.374372], [-74.300641, 40.374331], [-74.299769, 40.374249], [-74.29939, 40.37424], [-74.298645, 40.374141], [-74.298264, 40.374097], [-74.297189, 40.373927], [-74.291067, 40.373005], [-74.290852, 40.372974], [-74.289859, 40.372831], [-74.286333, 40.372279], [-74.284137, 40.371914], [-74.280778, 40.371385], [-74.279635, 40.371209], [-74.279139, 40.371102], [-74.277802, 40.370894], [-74.27726, 40.37081], [-74.2768, 40.370719], [-74.275553, 40.370527], [-74.273927, 40.370269], [-74.268949, 40.36944], [-74.265754, 40.368914], [-74.264374, 40.368697], [-74.264026, 40.368622], [-74.263788, 40.368837], [-74.263675, 40.368939], [-74.263213, 40.369358], [-74.263088, 40.36947], [-74.262298, 40.370185], [-74.262267, 40.370213], [-74.26191, 40.370536], [-74.261528, 40.370883], [-74.261293, 40.371099], [-74.260896, 40.371464], [-74.260615, 40.371722], [-74.260182, 40.37212], [-74.259674, 40.372584], [-74.258868, 40.37334], [-74.258065, 40.37415], [-74.257823, 40.374394], [-74.2577, 40.374515], [-74.257633, 40.374586], [-74.257439, 40.374782], [-74.257243, 40.37498], [-74.257079, 40.375145], [-74.256837, 40.37539], [-74.256538, 40.375662], [-74.256166, 40.375933], [-74.255994, 40.376036], [-74.255594, 40.376259], [-74.255302, 40.376409], [-74.254911, 40.376599], [-74.25475, 40.376677], [-74.25462, 40.37674], [-74.254227, 40.376935], [-74.253875, 40.377103], [-74.253383, 40.377339], [-74.253015, 40.377472], [-74.252349, 40.377655], [-74.252173, 40.377715], [-74.251911, 40.377836], [-74.2518, 40.377894], [-74.249902, 40.378972], [-74.248701, 40.379668], [-74.248509, 40.379771], [-74.248279, 40.379903], [-74.247854, 40.380147], [-74.247573, 40.380345], [-74.246567, 40.381115], [-74.246055, 40.381517], [-74.246001, 40.38156], [-74.24597, 40.381587], [-74.245574, 40.38188], [-74.245297, 40.382054], [-74.245072, 40.382159], [-74.244907, 40.382217], [-74.244658, 40.38228], [-74.244306, 40.382358], [-74.243927, 40.382447], [-74.243057, 40.382589], [-74.242648, 40.382671], [-74.242242, 40.382741], [-74.24208, 40.382775], [-74.241734, 40.382841], [-74.241291, 40.382916], [-74.241405, 40.382663], [-74.241455, 40.382564], [-74.241552, 40.382372], [-74.241688, 40.382101], [-74.241994, 40.381487], [-74.242197, 40.381062], [-74.242697, 40.380083], [-74.242726, 40.380029], [-74.242765, 40.379948], [-74.242823, 40.379823], [-74.243643, 40.378115], [-74.243756, 40.377885], [-74.243888, 40.377615], [-74.24427, 40.376843], [-74.244293, 40.376795], [-74.244312, 40.376757], [-74.244483, 40.376407], [-74.244555, 40.376261], [-74.244693, 40.375964], [-74.24478, 40.375765], [-74.244918, 40.375434], [-74.245145, 40.374791], [-74.243328, 40.374216], [-74.242335, 40.37388], [-74.242038, 40.373742], [-74.241754, 40.373559], [-74.241485, 40.373302], [-74.240919, 40.372656], [-74.240777, 40.372478], [-74.240373, 40.371846], [-74.24004, 40.371272], [-74.239936, 40.370698], [-74.239866, 40.370529], [-74.239759, 40.370382], [-74.239661, 40.37029], [-74.239556, 40.370221], [-74.23896, 40.369931], [-74.238867, 40.369899], [-74.238568, 40.369856], [-74.238239, 40.369807], [-74.237817, 40.369789], [-74.235483, 40.369772], [-74.234344, 40.369766], [-74.23401, 40.369783], [-74.233328, 40.369958], [-74.233027, 40.370072], [-74.232873, 40.370156], [-74.232154, 40.370597], [-74.231472, 40.370977], [-74.231146, 40.371198], [-74.23082, 40.371032], [-74.230727, 40.370954], [-74.230688, 40.370792], [-74.230685, 40.370628], [-74.230701, 40.37056], [-74.230868, 40.37028], [-74.230926, 40.370112], [-74.231098, 40.369909], [-74.231143, 40.369831], [-74.231195, 40.369661], [-74.231154, 40.369457], [-74.23115, 40.36937], [-74.231228, 40.369169], [-74.231338, 40.368921], [-74.23141, 40.368825], [-74.231533, 40.368723], [-74.231823, 40.368534], [-74.232017, 40.368407], [-74.232213, 40.368247], [-74.232342, 40.36812], [-74.232521, 40.3679], [-74.232851, 40.367603], [-74.233759, 40.366609], [-74.234294, 40.36596], [-74.234355, 40.365852], [-74.234599, 40.365156], [-74.234942, 40.364625], [-74.23518, 40.364584], [-74.235334, 40.364527], [-74.235801, 40.364287], [-74.23598, 40.364258], [-74.236451, 40.364239], [-74.236564, 40.364216], [-74.236863, 40.364117], [-74.237072, 40.363985], [-74.237361, 40.36363], [-74.23746, 40.363585], [-74.237734, 40.363549], [-74.237914, 40.363481], [-74.23862, 40.363056], [-74.238878, 40.36287], [-74.2392, 40.36258], [-74.239298, 40.362468], [-74.239314, 40.362373], [-74.239272, 40.362273], [-74.239157, 40.362161], [-74.238578, 40.361722], [-74.238493, 40.361582], [-74.238514, 40.361464], [-74.23855, 40.361416], [-74.238655, 40.361333], [-74.240074, 40.36066], [-74.238872, 40.359573], [-74.237635, 40.358454], [-74.237023, 40.357883], [-74.236881, 40.357724], [-74.235961, 40.356438], [-74.235647, 40.35598], [-74.235458, 40.355704], [-74.234821, 40.354781], [-74.23294, 40.352078], [-74.232692, 40.351721], [-74.231766, 40.350383], [-74.231591, 40.350087], [-74.231469, 40.349788], [-74.231095, 40.348565], [-74.230929, 40.347975], [-74.230777, 40.347512], [-74.230662, 40.347264], [-74.230341, 40.346754], [-74.228978, 40.344772], [-74.228915, 40.34468], [-74.226897, 40.341763], [-74.226729, 40.341486], [-74.226466, 40.341131], [-74.225933, 40.340324], [-74.225413, 40.33958], [-74.225295, 40.339457], [-74.225221, 40.33938], [-74.224785, 40.338751], [-74.224215, 40.337944], [-74.223187, 40.336433], [-74.221782, 40.334412], [-74.221772, 40.334398], [-74.221423, 40.333918], [-74.2213, 40.333778], [-74.221063, 40.333403], [-74.221016, 40.33331], [-74.220986, 40.333195], [-74.220985, 40.333029], [-74.221031, 40.332871], [-74.221076, 40.332783], [-74.222075, 40.331261], [-74.223315, 40.329272], [-74.223819, 40.32849], [-74.223978, 40.328213], [-74.224042, 40.328035], [-74.224081, 40.327711], [-74.223996, 40.326956], [-74.223939, 40.326506], [-74.223925, 40.326402], [-74.223921, 40.326372], [-74.223692, 40.324496], [-74.22329, 40.321364], [-74.223108, 40.3197], [-74.223065, 40.319434], [-74.223, 40.319077], [-74.222897, 40.317801], [-74.222838, 40.317056], [-74.222831, 40.316702], [-74.222762, 40.315948], [-74.222691, 40.315383], [-74.222661, 40.31503], [-74.222629, 40.314652], [-74.222561, 40.313837], [-74.222498, 40.31301], [-74.222506, 40.312914], [-74.222467, 40.312351], [-74.222341, 40.311194], [-74.222263, 40.310686], [-74.222243, 40.31055], [-74.222207, 40.310162], [-74.22213, 40.309373], [-74.222021, 40.30835], [-74.221986, 40.308035], [-74.221954, 40.30779], [-74.221909, 40.307409], [-74.22187, 40.307079], [-74.221773, 40.306266], [-74.22163, 40.305071], [-74.221395, 40.302845], [-74.221279, 40.301872], [-74.221238, 40.301787], [-74.222727, 40.301409], [-74.223162, 40.301302], [-74.22417, 40.301053], [-74.224339, 40.301033], [-74.224804, 40.301029], [-74.225444, 40.30112], [-74.226067, 40.301258], [-74.226998, 40.301473], [-74.227256, 40.301524], [-74.227778, 40.301566], [-74.228004, 40.301561], [-74.228502, 40.3015], [-74.229078, 40.301389], [-74.230439, 40.30109], [-74.231847, 40.300832], [-74.232126, 40.300792], [-74.232438, 40.300745], [-74.234217, 40.300542], [-74.235123, 40.300444], [-74.235746, 40.30034], [-74.237319, 40.299978], [-74.237989, 40.29982], [-74.238186, 40.299773], [-74.238462, 40.29968], [-74.23889, 40.299507], [-74.239306, 40.299286], [-74.239677, 40.29904], [-74.239952, 40.298812], [-74.240186, 40.298577], [-74.240965, 40.297618], [-74.241547, 40.296873], [-74.24212, 40.296144], [-74.242781, 40.29528], [-74.242988, 40.294995], [-74.243274, 40.294546], [-74.243462, 40.294225], [-74.243598, 40.293986], [-74.243686, 40.293783], [-74.243777, 40.293437], [-74.243784, 40.293144], [-74.243785, 40.292998], [-74.243737, 40.292727], [-74.24365, 40.292467], [-74.243503, 40.292176], [-74.243224, 40.291788], [-74.243087, 40.291605], [-74.242963, 40.291378], [-74.242898, 40.291162], [-74.242821, 40.290738], [-74.242803, 40.290325], [-74.242826, 40.290008], [-74.242944, 40.289547], [-74.243105, 40.289179], [-74.243281, 40.289012], [-74.243919, 40.288493], [-74.240485, 40.286292], [-74.243919, 40.288493], [-74.245867, 40.286912], [-74.24848, 40.284731], [-74.249289, 40.284062], [-74.249515, 40.283839], [-74.249683, 40.283652], [-74.249869, 40.283384], [-74.250074, 40.28302], [-74.25074, 40.281962], [-74.254058, 40.283767], [-74.254279, 40.283885], [-74.255465, 40.284512], [-74.255878, 40.284691], [-74.256246, 40.284829], [-74.256935, 40.285038], [-74.25877, 40.285423], [-74.259739, 40.285622], [-74.259799, 40.285635], [-74.260412, 40.285771], [-74.26143, 40.285997], [-74.262394, 40.286165], [-74.263296, 40.286278], [-74.264312, 40.286373], [-74.264487, 40.286386], [-74.264529, 40.28639], [-74.264803, 40.286412], [-74.267187, 40.286375], [-74.267259, 40.286373], [-74.267365, 40.28637], [-74.268299, 40.286342], [-74.268903, 40.286305], [-74.269859, 40.286247], [-74.270221, 40.286225], [-74.271067, 40.286184], [-74.272121, 40.286123], [-74.272638, 40.286098], [-74.273046, 40.286105], [-74.273892, 40.286147], [-74.274684, 40.286193], [-74.27508, 40.286235], [-74.275335, 40.286281], [-74.276173, 40.286443], [-74.279324, 40.287104], [-74.279716, 40.287155], [-74.280443, 40.28713], [-74.281821, 40.287087], [-74.28306, 40.287051], [-74.283495, 40.287042], [-74.284377, 40.287025], [-74.284992, 40.287081], [-74.286518, 40.287447], [-74.287712, 40.287735], [-74.288115, 40.287811], [-74.288531, 40.287879], [-74.288944, 40.287923], [-74.289419, 40.287947], [-74.289798, 40.287945], [-74.29011, 40.287942], [-74.290522, 40.287914], [-74.291159, 40.287836], [-74.291956, 40.28768], [-74.292324, 40.287598], [-74.292569, 40.287544], [-74.292937, 40.287464], [-74.294023, 40.287237], [-74.294864, 40.287054], [-74.295065, 40.287014], [-74.295674, 40.286899], [-74.295739, 40.286887], [-74.295865, 40.286864], [-74.295954, 40.286865], [-74.295992, 40.286867], [-74.296688, 40.286701], [-74.29689, 40.286658], [-74.297007, 40.286633], [-74.297395, 40.28655], [-74.29763, 40.286499], [-74.29802, 40.286416], [-74.298315, 40.286352], [-74.298732, 40.286263], [-74.299651, 40.286066], [-74.299887, 40.286009], [-74.301414, 40.28551], [-74.302217, 40.285269], [-74.302573, 40.285184], [-74.302952, 40.285113], [-74.303406, 40.285046], [-74.303812, 40.285008], [-74.305353, 40.284947], [-74.306681, 40.28491], [-74.307679, 40.284891], [-74.308495, 40.284929], [-74.309552, 40.284996], [-74.310638, 40.285096], [-74.311773, 40.285196], [-74.31305, 40.285235], [-74.314616, 40.285331], [-74.316331, 40.285421], [-74.318601, 40.285548], [-74.322682, 40.285816], [-74.325451, 40.286026], [-74.325823, 40.286091], [-74.326168, 40.28621], [-74.326542, 40.285614], [-74.327202, 40.284614], [-74.327288, 40.284506], [-74.32771, 40.283388], [-74.327818, 40.283186], [-74.327985, 40.283062], [-74.32816, 40.282957], [-74.329977, 40.281927], [-74.33029, 40.281746], [-74.330581, 40.281577], [-74.330894, 40.281399], [-74.331942, 40.280801], [-74.333087, 40.280148], [-74.333413, 40.279958], [-74.333616, 40.27984], [-74.333958, 40.27964], [-74.334427, 40.279379], [-74.334628, 40.279266], [-74.334673, 40.27924], [-74.334817, 40.279155], [-74.334846, 40.279138], [-74.335173, 40.278953], [-74.336416, 40.278253], [-74.338438, 40.277099], [-74.338741, 40.276933], [-74.338826, 40.276886], [-74.338941, 40.276823], [-74.341412, 40.275467], [-74.342742, 40.274755], [-74.345465, 40.27314], [-74.346134, 40.272712], [-74.349583, 40.270296], [-74.350706, 40.269503], [-74.351003, 40.269297], [-74.351515, 40.268918], [-74.35202, 40.268515], [-74.353887, 40.266936], [-74.354348, 40.266608], [-74.354951, 40.266236], [-74.357242, 40.264813], [-74.357358, 40.264745], [-74.358401, 40.264123], [-74.35892, 40.263807], [-74.359072, 40.263712], [-74.360674, 40.262725], [-74.361341, 40.262304], [-74.361695, 40.262109], [-74.361971, 40.261997], [-74.362353, 40.261878], [-74.362831, 40.261741], [-74.363188, 40.261645], [-74.364139, 40.261375], [-74.364329, 40.26132], [-74.364459, 40.261283], [-74.365641, 40.260936], [-74.366029, 40.260822], [-74.366966, 40.260549], [-74.36724, 40.260461], [-74.367504, 40.260323], [-74.367654, 40.260206], [-74.367771, 40.260049], [-74.367831, 40.259929], [-74.367854, 40.259839], [-74.367908, 40.259381], [-74.368122, 40.257769], [-74.368173, 40.257147], [-74.368177, 40.257069], [-74.368242, 40.255667], [-74.368268, 40.255044], [-74.368284, 40.254677], [-74.368315, 40.253969], [-74.374429, 40.254933], [-74.374742, 40.254982], [-74.376289, 40.255219], [-74.377415, 40.255398], [-74.381681, 40.256077], [-74.383377, 40.256325], [-74.384694, 40.25655], [-74.384774, 40.256561], [-74.385787, 40.2567], [-74.386968, 40.256896], [-74.389329, 40.257252], [-74.389777, 40.257321], [-74.390705, 40.257464], [-74.39096, 40.257503], [-74.391649, 40.257609], [-74.394328, 40.258021], [-74.396326, 40.258326], [-74.396783, 40.25841], [-74.397309, 40.258492], [-74.39778, 40.258552], [-74.398248, 40.258627], [-74.398644, 40.258689], [-74.400178, 40.258919], [-74.400865, 40.259041], [-74.401769, 40.259212], [-74.402057, 40.259257], [-74.402528, 40.259331], [-74.403336, 40.259468], [-74.404094, 40.259597], [-74.404258, 40.259624], [-74.40479, 40.259715], [-74.40647, 40.260005], [-74.40776, 40.260257], [-74.408059, 40.260317], [-74.409687, 40.260659], [-74.410398, 40.260808], [-74.410597, 40.260851], [-74.410976, 40.260933], [-74.412317, 40.261224], [-74.412635, 40.261289], [-74.413419, 40.261442], [-74.414559, 40.261617], [-74.416953, 40.261878], [-74.419942, 40.262163], [-74.420148, 40.262183], [-74.42035, 40.262203], [-74.420464, 40.262214], [-74.422931, 40.262456], [-74.423632, 40.26251], [-74.424903, 40.262557], [-74.425877, 40.262553], [-74.426693, 40.262524], [-74.427553, 40.26247], [-74.428172, 40.262415], [-74.428579, 40.262378], [-74.432041, 40.262061], [-74.432632, 40.262011], [-74.433163, 40.261985], [-74.43368, 40.261955], [-74.435181, 40.261913], [-74.435783, 40.261911], [-74.435966, 40.261908], [-74.436551, 40.261895], [-74.436619, 40.262275], [-74.436667, 40.262613], [-74.436724, 40.263289], [-74.436918, 40.2646], [-74.436998, 40.265257], [-74.437012, 40.265537], [-74.437012, 40.265636], [-74.436947, 40.266948], [-74.436942, 40.267049], [-74.436826, 40.269631], [-74.436845, 40.26993], [-74.437019, 40.27098], [-74.437127, 40.271434], [-74.437176, 40.271876], [-74.437182, 40.272227], [-74.43687, 40.275145], [-74.436629, 40.278324], [-74.43646, 40.280563], [-74.436385, 40.281937], [-74.436291, 40.28332], [-74.436284, 40.283717], [-74.436315, 40.283926], [-74.436382, 40.284146], [-74.436865, 40.285195], [-74.436936, 40.285342], [-74.438315, 40.288318], [-74.43883, 40.289482], [-74.438981, 40.289883], [-74.439055, 40.290252], [-74.439145, 40.290997], [-74.439123, 40.292121], [-74.439013, 40.294253], [-74.438913, 40.297259], [-74.438763, 40.300933], [-74.438549, 40.302474], [-74.438518, 40.303026], [-74.43848, 40.303633], [-74.438422, 40.308932], [-74.43843, 40.311534], [-74.438367, 40.314442], [-74.438363, 40.314759], [-74.438361, 40.314966], [-74.438363, 40.315266], [-74.438347, 40.315968], [-74.438363, 40.316765], [-74.438362, 40.317372], [-74.438356, 40.317806], [-74.438326, 40.318185], [-74.438261, 40.318507], [-74.438097, 40.319056], [-74.437821, 40.319841], [-74.437771, 40.320064], [-74.437815, 40.321226], [-74.437864, 40.321935], [-74.437894, 40.322447], [-74.437974, 40.323721], [-74.438003, 40.324179], [-74.438026, 40.324648], [-74.438134, 40.326111], [-74.438089, 40.326275], [-74.438014, 40.326389], [-74.437918, 40.326471], [-74.437649, 40.326583], [-74.43654, 40.326619], [-74.436322, 40.326626], [-74.435391, 40.326681], [-74.433758, 40.326785], [-74.433415, 40.326813], [-74.433311, 40.326823], [-74.432057, 40.32693], [-74.430872, 40.326993], [-74.429515, 40.327037], [-74.428466, 40.327114], [-74.428019, 40.327165], [-74.426731, 40.327313], [-74.425556, 40.327301], [-74.423904, 40.32721], [-74.421376, 40.327056], [-74.420645, 40.327051], [-74.419742, 40.327161], [-74.419499, 40.327204], [-74.418964, 40.327288], [-74.41841, 40.327452], [-74.417355, 40.327852], [-74.4167, 40.328138], [-74.415967, 40.328457], [-74.412615, 40.329919], [-74.412595, 40.329928], [-74.4123, 40.330057], [-74.411759, 40.330294], [-74.408328, 40.331812], [-74.407726, 40.332118], [-74.407268, 40.332351], [-74.407057, 40.332458], [-74.406846, 40.332638], [-74.406667, 40.332858], [-74.406579, 40.332989], [-74.406483, 40.333178], [-74.406386, 40.333458], [-74.40634, 40.333724], [-74.406217, 40.334458], [-74.406173, 40.334721], [-74.406042, 40.335498], [-74.405983, 40.335921], [-74.405752, 40.337123], [-74.405729, 40.337233], [-74.405526, 40.338552], [-74.404777, 40.342662], [-74.404395, 40.344874], [-74.404045, 40.346903], [-74.404038, 40.346945], [-74.404073, 40.347078], [-74.404485, 40.348648], [-74.404601, 40.349172], [-74.405013, 40.350851], [-74.405103, 40.351224], [-74.405364, 40.352298], [-74.405517, 40.352984], [-74.406006, 40.355138], [-74.405526, 40.35514], [-74.403949, 40.355142], [-74.400831, 40.355162], [-74.400676, 40.355163], [-74.400471, 40.355164], [-74.397569, 40.355182], [-74.396383, 40.35519], [-74.395654, 40.355193], [-74.394565, 40.355205], [-74.394169, 40.35524], [-74.393434, 40.35534], [-74.389708, 40.355871], [-74.387648, 40.356202], [-74.386281, 40.356361], [-74.386433, 40.357246], [-74.386504, 40.357661], [-74.386605, 40.358247], [-74.386616, 40.358313], [-74.386869, 40.359788], [-74.386975, 40.3604], [-74.387224, 40.361634], [-74.38725, 40.36173], [-74.387472, 40.362775], [-74.387534, 40.363075], [-74.387556, 40.363179], [-74.387902, 40.364845], [-74.387975, 40.365272], [-74.388073, 40.365845], [-74.388155, 40.366325], [-74.388209, 40.366644], [-74.388508, 40.368395], [-74.388584, 40.368844], [-74.388777, 40.369974], [-74.388789, 40.370044], [-74.388864, 40.370484], [-74.388922, 40.370787], [-74.388944, 40.37134], [-74.388909, 40.371715], [-74.388891, 40.372449], [-74.388883, 40.372743], [-74.388859, 40.373696], [-74.388857, 40.373733], [-74.388801, 40.374616], [-74.388765, 40.375187], [-74.388723, 40.375844], [-74.388719, 40.376221], [-74.388715, 40.376573], [-74.388701, 40.377923], [-74.388696, 40.378396], [-74.388703, 40.378876], [-74.388694, 40.379109], [-74.388693, 40.379151], [-74.388679, 40.379519], [-74.388669, 40.379766], [-74.388656, 40.380115], [-74.388654, 40.380188], [-74.388641, 40.380435], [-74.388619, 40.380823], [-74.388619, 40.38087], [-74.388613, 40.381072], [-74.388598, 40.381338], [-74.38859, 40.381493], [-74.388572, 40.381928], [-74.388562, 40.382087], [-74.388556, 40.382157], [-74.388547, 40.382445], [-74.388537, 40.382768], [-74.388536, 40.382821], [-74.388503, 40.383333], [-74.388491, 40.383415], [-74.388206, 40.384363], [-74.38791, 40.385314], [-74.387629, 40.386244], [-74.387328, 40.387125], [-74.387199, 40.387551], [-74.387191, 40.387942], [-74.387311, 40.388356], [-74.387538, 40.388669], [-74.387687, 40.388753], [-74.388709, 40.389328], [-74.388923, 40.389478], [-74.389338, 40.389767], [-74.389559, 40.389989], [-74.38977, 40.390199], [-74.389869, 40.390431], [-74.389963, 40.390655], [-74.390027, 40.390802], [-74.390074, 40.390922], [-74.390088, 40.390962], [-74.390319, 40.391617], [-74.390114, 40.391665], [-74.389872, 40.391747], [-74.389646, 40.391858], [-74.389563, 40.391905], [-74.389319, 40.392049], [-74.389115, 40.392175], [-74.388822, 40.392355], [-74.388608, 40.392486], [-74.388262, 40.392699], [-74.388113, 40.39279], [-74.388067, 40.392818], [-74.387757, 40.393028], [-74.387564, 40.393157], [-74.386995, 40.393589], [-74.386951, 40.393626], [-74.386785, 40.393781], [-74.386609, 40.393971], [-74.386388, 40.394263], [-74.386174, 40.394582], [-74.386153, 40.394616], [-74.386069, 40.394736], [-74.385751, 40.395184], [-74.385528, 40.395461], [-74.385141, 40.395895], [-74.384847, 40.396215], [-74.384577, 40.39651], [-74.383663, 40.397502], [-74.383636, 40.397532], [-74.383485, 40.397693], [-74.382987, 40.398222], [-74.382718, 40.398507], [-74.382636, 40.398594], [-74.381995, 40.399294], [-74.379828, 40.401642], [-74.379401, 40.402108], [-74.379138, 40.402398], [-74.379078, 40.402465], [-74.378912, 40.402646], [-74.377925, 40.403721], [-74.377734, 40.403933], [-74.377108, 40.40462], [-74.376795, 40.404952], [-74.376536, 40.40524], [-74.376494, 40.405282], [-74.376272, 40.405521], [-74.376038, 40.405769], [-74.375751, 40.406078], [-74.375131, 40.406747], [-74.374605, 40.407314], [-74.374091, 40.407869], [-74.373626, 40.408369], [-74.373354, 40.408659], [-74.373147, 40.408879], [-74.373049, 40.408983], [-74.372807, 40.409238], [-74.372497, 40.409562], [-74.371994, 40.410089], [-74.371461, 40.410647], [-74.370938, 40.411197], [-74.370829, 40.411312], [-74.37069, 40.411458], [-74.369843, 40.412334], [-74.369775, 40.412405], [-74.369385, 40.412835], [-74.369293, 40.412911], [-74.369399, 40.413033], [-74.369442, 40.413166], [-74.369411, 40.41334], [-74.36929, 40.413429], [-74.368473, 40.413784], [-74.368315, 40.413825], [-74.36812, 40.413817], [-74.367954, 40.413777], [-74.367824, 40.413792], [-74.367788, 40.413764], [-74.366407, 40.412655], [-74.365409, 40.411921], [-74.364916, 40.411595], [-74.364401, 40.411289], [-74.362637, 40.410306], [-74.362025, 40.409937], [-74.361664, 40.409671], [-74.361196, 40.409252], [-74.36086, 40.408903], [-74.359675, 40.407543], [-74.359324, 40.407241], [-74.358717, 40.406803], [-74.358578, 40.406705], [-74.358272, 40.406496], [-74.357793, 40.406175], [-74.357399, 40.40591], [-74.356911, 40.405578], [-74.356416, 40.405239], [-74.355904, 40.40486], [-74.355678, 40.404696], [-74.354421, 40.403688], [-74.353288, 40.402741], [-74.351203, 40.401], [-74.350324, 40.400272], [-74.350105, 40.400427], [-74.349815, 40.400656], [-74.349279, 40.40108], [-74.347815, 40.400875], [-74.347658, 40.400872], [-74.347621, 40.400773], [-74.347618, 40.400666], [-74.347573, 40.40052], [-74.347443, 40.400375], [-74.347299, 40.400288], [-74.347106, 40.400202], [-74.346881, 40.400131], [-74.345796, 40.399414], [-74.345174, 40.399882], [-74.345601, 40.400182]]}, "properties": {"seed": 9, "km": 69.6, "minutes": 94, "backroad_pct": 77, "state_road_pct": 23, "highway_pct": 0, "stroke": "#2a8", "stroke-width": 3}}, {"type": "Feature", "geometry": {"type": "LineString", "coordinates": [[-74.345601, 40.400182], [-74.346271, 40.400653], [-74.346691, 40.401137], [-74.347234, 40.400927], [-74.347658, 40.400872], [-74.347815, 40.400875], [-74.349279, 40.40108], [-74.349815, 40.400656], [-74.350105, 40.400427], [-74.350324, 40.400272], [-74.348687, 40.398842], [-74.348483, 40.398673], [-74.346447, 40.396974], [-74.346217, 40.396778], [-74.34341, 40.394431], [-74.34317, 40.394228], [-74.342914, 40.394016], [-74.342683, 40.393823], [-74.34109, 40.392498], [-74.340965, 40.392394], [-74.340309, 40.391848], [-74.339225, 40.390954], [-74.33903, 40.390793], [-74.338188, 40.390099], [-74.338015, 40.389957], [-74.333925, 40.386585], [-74.332095, 40.385188], [-74.331505, 40.384772], [-74.331011, 40.38442], [-74.329671, 40.383602], [-74.329067, 40.383234], [-74.328046, 40.382611], [-74.327351, 40.382187], [-74.326034, 40.381384], [-74.320616, 40.378082], [-74.319715, 40.37753], [-74.318455, 40.376787], [-74.317627, 40.376285], [-74.316872, 40.375854], [-74.315802, 40.375288], [-74.315048, 40.374894], [-74.308847, 40.371625], [-74.30787, 40.37086], [-74.307334, 40.370333], [-74.306717, 40.369604], [-74.306267, 40.368772], [-74.306073, 40.368228], [-74.305701, 40.366675], [-74.305687, 40.366618], [-74.305383, 40.365033], [-74.305196, 40.363853], [-74.305119, 40.362509], [-74.305122, 40.362351], [-74.305142, 40.362011], [-74.30524, 40.361213], [-74.305258, 40.36106], [-74.305404, 40.360129], [-74.30557, 40.35944], [-74.305661, 40.359057], [-74.305883, 40.358122], [-74.305911, 40.358001], [-74.306153, 40.357048], [-74.306194, 40.356859], [-74.306287, 40.356432], [-74.306417, 40.355902], [-74.306519, 40.355559], [-74.306919, 40.353971], [-74.307055, 40.353389], [-74.307139, 40.353145], [-74.307411, 40.351971], [-74.307561, 40.351321], [-74.307642, 40.350929], [-74.307652, 40.350817], [-74.307673, 40.350649], [-74.307747, 40.350055], [-74.307792, 40.349651], [-74.30781, 40.349411], [-74.307901, 40.347977], [-74.307915, 40.347755], [-74.307945, 40.347247], [-74.307954, 40.347086], [-74.307979, 40.346671], [-74.307985, 40.346564], [-74.308015, 40.34598], [-74.308027, 40.345779], [-74.30805, 40.345383], [-74.308073, 40.344994], [-74.308086, 40.344758], [-74.308101, 40.344512], [-74.308128, 40.344052], [-74.308149, 40.343698], [-74.308159, 40.343532], [-74.30818, 40.343176], [-74.3082, 40.342508], [-74.308207, 40.342216], [-74.3082, 40.341767], [-74.308193, 40.341633], [-74.308066, 40.340489], [-74.307933, 40.339779], [-74.307674, 40.338578], [-74.307282, 40.33679], [-74.307212, 40.336458], [-74.306972, 40.335381], [-74.306894, 40.335025], [-74.306556, 40.333491], [-74.306414, 40.33285], [-74.3063, 40.332331], [-74.306174, 40.331763], [-74.306151, 40.331577], [-74.306071, 40.331203], [-74.305981, 40.330788], [-74.305875, 40.33031], [-74.305816, 40.330087], [-74.305716, 40.329519], [-74.305691, 40.329293], [-74.305628, 40.32836], [-74.305615, 40.327806], [-74.305633, 40.327679], [-74.305614, 40.32714], [-74.305588, 40.32691], [-74.305575, 40.326446], [-74.30559, 40.326255], [-74.30555, 40.325474], [-74.305524, 40.324492], [-74.305483, 40.322829], [-74.305488, 40.322411], [-74.305525, 40.321943], [-74.305666, 40.321256], [-74.305742, 40.320857], [-74.305951, 40.320107], [-74.305994, 40.319817], [-74.306009, 40.319514], [-74.306132, 40.319236], [-74.306502, 40.318804], [-74.306575, 40.318708], [-74.306675, 40.318525], [-74.306708, 40.318362], [-74.306714, 40.318134], [-74.306667, 40.317908], [-74.306553, 40.317699], [-74.306455, 40.317632], [-74.306329, 40.317603], [-74.306214, 40.317596], [-74.306092, 40.317635], [-74.305885, 40.317871], [-74.305611, 40.318152], [-74.305582, 40.318181], [-74.30534, 40.318153], [-74.305169, 40.318171], [-74.305068, 40.318242], [-74.304954, 40.318292], [-74.303623, 40.319003], [-74.302167, 40.319739], [-74.302029, 40.31981], [-74.301402, 40.320144], [-74.300581, 40.320682], [-74.300225, 40.320911], [-74.299996, 40.321048], [-74.299056, 40.32141], [-74.298891, 40.321152], [-74.298525, 40.320774], [-74.298341, 40.320647], [-74.29823, 40.320614], [-74.297761, 40.320597], [-74.297624, 40.320565], [-74.297449, 40.320468], [-74.296568, 40.319879], [-74.295752, 40.319343], [-74.295515, 40.319165], [-74.295143, 40.318521], [-74.294498, 40.317385], [-74.294237, 40.316923], [-74.294159, 40.316823], [-74.294086, 40.31676], [-74.293745, 40.316544], [-74.293332, 40.316917], [-74.293145, 40.317056], [-74.292991, 40.317133], [-74.292664, 40.317246], [-74.292521, 40.317058], [-74.292084, 40.316593], [-74.291509, 40.315973], [-74.291334, 40.315878], [-74.291138, 40.315844], [-74.290987, 40.315857], [-74.290833, 40.315907], [-74.290049, 40.316375], [-74.289802, 40.316451], [-74.289775, 40.31646], [-74.289504, 40.3165], [-74.289063, 40.316553], [-74.288855, 40.316628], [-74.287869, 40.317032], [-74.28749, 40.316505], [-74.287433, 40.316424], [-74.286632, 40.31533], [-74.287009, 40.315025], [-74.287249, 40.31483], [-74.288362, 40.313937], [-74.288657, 40.313686], [-74.288865, 40.313531], [-74.288991, 40.313458], [-74.289867, 40.313094], [-74.290023, 40.313031], [-74.290314, 40.312914], [-74.290405, 40.312878], [-74.29052, 40.312837], [-74.290658, 40.312776], [-74.290987, 40.312644], [-74.291088, 40.312604], [-74.291142, 40.312582], [-74.294161, 40.311371], [-74.294472, 40.311205], [-74.295128, 40.310806], [-74.295392, 40.310653], [-74.296371, 40.309977], [-74.297229, 40.309394], [-74.297409, 40.309242], [-74.297551, 40.309096], [-74.297743, 40.308851], [-74.297882, 40.308607], [-74.297988, 40.30834], [-74.29805, 40.308047], [-74.298059, 40.307861], [-74.298009, 40.306566], [-74.297993, 40.305953], [-74.297896, 40.303758], [-74.298678, 40.303697], [-74.299652, 40.303628], [-74.300018, 40.303581], [-74.300353, 40.303496], [-74.300559, 40.303428], [-74.301221, 40.303159], [-74.301667, 40.30297], [-74.301925, 40.302892], [-74.30214, 40.302853], [-74.302708, 40.302751], [-74.302778, 40.302736], [-74.303017, 40.302682], [-74.303183, 40.302647], [-74.303621, 40.302551], [-74.303822, 40.302508], [-74.304168, 40.302435], [-74.304385, 40.302389], [-74.304679, 40.302344], [-74.304736, 40.302335], [-74.305194, 40.302238], [-74.305529, 40.302172], [-74.305804, 40.302115], [-74.306091, 40.302054], [-74.306651, 40.30194], [-74.307231, 40.301822], [-74.307647, 40.301701], [-74.307802, 40.301638], [-74.308111, 40.301471], [-74.308577, 40.301204], [-74.308773, 40.301079], [-74.30887, 40.301025], [-74.309527, 40.300651], [-74.310419, 40.300158], [-74.310856, 40.299948], [-74.311155, 40.299858], [-74.311332, 40.299825], [-74.311675, 40.299794], [-74.313295, 40.299685], [-74.314533, 40.299593], [-74.315459, 40.299523], [-74.316307, 40.299471], [-74.31664, 40.299454], [-74.316795, 40.299446], [-74.317094, 40.299432], [-74.317222, 40.299425], [-74.317684, 40.299401], [-74.317906, 40.299039], [-74.318026, 40.298849], [-74.318247, 40.298501], [-74.31878, 40.297668], [-74.320306, 40.295287], [-74.321179, 40.29392], [-74.322151, 40.292401], [-74.324078, 40.289413], [-74.324231, 40.289176], [-74.324843, 40.288231], [-74.325694, 40.286953], [-74.325727, 40.286899], [-74.326168, 40.28621], [-74.326542, 40.285614], [-74.327202, 40.284614], [-74.327288, 40.284506], [-74.32771, 40.283388], [-74.327818, 40.283186], [-74.327985, 40.283062], [-74.32816, 40.282957], [-74.329977, 40.281927], [-74.33029, 40.281746], [-74.330581, 40.281577], [-74.330894, 40.281399], [-74.331942, 40.280801], [-74.333087, 40.280148], [-74.333413, 40.279958], [-74.333616, 40.27984], [-74.333958, 40.27964], [-74.334427, 40.279379], [-74.334628, 40.279266], [-74.334673, 40.27924], [-74.334817, 40.279155], [-74.334846, 40.279138], [-74.335173, 40.278953], [-74.336416, 40.278253], [-74.338438, 40.277099], [-74.338741, 40.276933], [-74.338826, 40.276886], [-74.338941, 40.276823], [-74.341412, 40.275467], [-74.342742, 40.274755], [-74.345465, 40.27314], [-74.346134, 40.272712], [-74.349583, 40.270296], [-74.350706, 40.269503], [-74.351003, 40.269297], [-74.351515, 40.268918], [-74.35202, 40.268515], [-74.353887, 40.266936], [-74.354348, 40.266608], [-74.354951, 40.266236], [-74.357242, 40.264813], [-74.357358, 40.264745], [-74.358401, 40.264123], [-74.35892, 40.263807], [-74.359072, 40.263712], [-74.360674, 40.262725], [-74.361341, 40.262304], [-74.361695, 40.262109], [-74.361971, 40.261997], [-74.362353, 40.261878], [-74.362831, 40.261741], [-74.363188, 40.261645], [-74.364139, 40.261375], [-74.364329, 40.26132], [-74.364459, 40.261283], [-74.365641, 40.260936], [-74.366029, 40.260822], [-74.366966, 40.260549], [-74.36724, 40.260461], [-74.367504, 40.260323], [-74.367654, 40.260206], [-74.367771, 40.260049], [-74.367831, 40.259929], [-74.367854, 40.259839], [-74.367908, 40.259381], [-74.368122, 40.257769], [-74.368173, 40.257147], [-74.368177, 40.257069], [-74.368242, 40.255667], [-74.368268, 40.255044], [-74.368284, 40.254677], [-74.368315, 40.253969], [-74.374429, 40.254933], [-74.374742, 40.254982], [-74.376289, 40.255219], [-74.377415, 40.255398], [-74.381681, 40.256077], [-74.383377, 40.256325], [-74.384694, 40.25655], [-74.384774, 40.256561], [-74.385787, 40.2567], [-74.386968, 40.256896], [-74.389329, 40.257252], [-74.389777, 40.257321], [-74.390705, 40.257464], [-74.39096, 40.257503], [-74.391649, 40.257609], [-74.394328, 40.258021], [-74.396326, 40.258326], [-74.396783, 40.25841], [-74.397309, 40.258492], [-74.39759, 40.25867], [-74.397693, 40.258812], [-74.397702, 40.258908], [-74.397652, 40.259022], [-74.397536, 40.259112], [-74.39745, 40.259142], [-74.397275, 40.25915], [-74.396947, 40.259054], [-74.396603, 40.258643], [-74.396326, 40.258326], [-74.396161, 40.258126], [-74.395787, 40.258056], [-74.395222, 40.257977], [-74.394576, 40.257892], [-74.392424, 40.257562], [-74.391849, 40.257474], [-74.387073, 40.256735], [-74.386723, 40.25668], [-74.385144, 40.256452], [-74.38485, 40.256408], [-74.383997, 40.256282], [-74.383254, 40.256163], [-74.382536, 40.256052], [-74.381573, 40.255898], [-74.379761, 40.255606], [-74.379182, 40.255516], [-74.378519, 40.255412], [-74.378425, 40.255332], [-74.378388, 40.255265], [-74.378354, 40.255099], [-74.378379, 40.254645], [-74.378429, 40.252836], [-74.378467, 40.252126], [-74.378499, 40.251859], [-74.378519, 40.251675], [-74.378545, 40.25134], [-74.378519, 40.251675], [-74.378499, 40.251859], [-74.378467, 40.252126], [-74.378429, 40.252836], [-74.378379, 40.254645], [-74.378354, 40.255099], [-74.378239, 40.255248], [-74.378039, 40.255337], [-74.374316, 40.254766], [-74.373787, 40.254684], [-74.372099, 40.254422], [-74.371754, 40.254368], [-74.371268, 40.254292], [-74.370784, 40.254217], [-74.370673, 40.2542], [-74.370459, 40.254166], [-74.369848, 40.254071], [-74.368329, 40.25383], [-74.368367, 40.253297], [-74.368435, 40.252703], [-74.368511, 40.251916], [-74.368644, 40.250579], [-74.368841, 40.248605], [-74.369088, 40.246116], [-74.369106, 40.245971], [-74.369115, 40.245895], [-74.369239, 40.244704], [-74.369188, 40.244279], [-74.369145, 40.244003], [-74.368894, 40.242413], [-74.368715, 40.241184], [-74.368412, 40.239159], [-74.368121, 40.237192], [-74.368078, 40.237047], [-74.367952, 40.236872], [-74.366855, 40.236087], [-74.367916, 40.235298], [-74.369086, 40.234363], [-74.369212, 40.234252], [-74.369696, 40.233737], [-74.370012, 40.233431], [-74.370455, 40.233042], [-74.371679, 40.233852], [-74.37353, 40.235131], [-74.374101, 40.235546], [-74.376277, 40.237054], [-74.376477, 40.237208], [-74.376714, 40.237425], [-74.377222, 40.237982], [-74.377618, 40.23842], [-74.378517, 40.239394], [-74.379356, 40.24027], [-74.379616, 40.240504], [-74.379788, 40.240618], [-74.379893, 40.240673], [-74.38039, 40.24084], [-74.380882, 40.240984], [-74.382539, 40.241443], [-74.382839, 40.241561], [-74.38316, 40.241729], [-74.383738, 40.242074], [-74.384215, 40.242362], [-74.384545, 40.242572], [-74.385018, 40.242975], [-74.385396, 40.243353], [-74.386088, 40.244115], [-74.386891, 40.244902], [-74.388299, 40.24611], [-74.388919, 40.246824], [-74.389122, 40.247083], [-74.389236, 40.247258], [-74.390487, 40.249427], [-74.390567, 40.249611], [-74.390644, 40.249888], [-74.390805, 40.250695], [-74.390931, 40.25127], [-74.391048, 40.251808], [-74.391104, 40.251992], [-74.391308, 40.252392], [-74.391989, 40.253161], [-74.392796, 40.254061], [-74.394864, 40.256494], [-74.395344, 40.257089], [-74.395663, 40.257499], [-74.395949, 40.257859], [-74.396161, 40.258126], [-74.396326, 40.258326], [-74.396783, 40.25841], [-74.397309, 40.258492], [-74.39778, 40.258552], [-74.398248, 40.258627], [-74.398644, 40.258689], [-74.400178, 40.258919], [-74.400865, 40.259041], [-74.401769, 40.259212], [-74.402057, 40.259257], [-74.402528, 40.259331], [-74.403336, 40.259468], [-74.404094, 40.259597], [-74.404258, 40.259624], [-74.40479, 40.259715], [-74.40647, 40.260005], [-74.40776, 40.260257], [-74.408059, 40.260317], [-74.409687, 40.260659], [-74.410398, 40.260808], [-74.410597, 40.260851], [-74.410976, 40.260933], [-74.412317, 40.261224], [-74.412635, 40.261289], [-74.413419, 40.261442], [-74.414559, 40.261617], [-74.416953, 40.261878], [-74.419942, 40.262163], [-74.420148, 40.262183], [-74.42035, 40.262203], [-74.420464, 40.262214], [-74.422931, 40.262456], [-74.423632, 40.26251], [-74.424903, 40.262557], [-74.425877, 40.262553], [-74.426693, 40.262524], [-74.427553, 40.26247], [-74.428172, 40.262415], [-74.428579, 40.262378], [-74.432041, 40.262061], [-74.432632, 40.262011], [-74.433163, 40.261985], [-74.43368, 40.261955], [-74.435181, 40.261913], [-74.435783, 40.261911], [-74.435966, 40.261908], [-74.436551, 40.261895], [-74.436827, 40.261893], [-74.438724, 40.261921], [-74.440697, 40.262157], [-74.445681, 40.263008], [-74.446061, 40.263075], [-74.449077, 40.263597], [-74.450145, 40.26383], [-74.450698, 40.263986], [-74.451164, 40.264129], [-74.455063, 40.265423], [-74.456415, 40.265808], [-74.45766, 40.266111], [-74.459076, 40.266373], [-74.460471, 40.266553], [-74.461096, 40.266617], [-74.462058, 40.266717], [-74.463705, 40.266865], [-74.464163, 40.266906], [-74.465283, 40.267021], [-74.466346, 40.267127], [-74.46647, 40.267139], [-74.467055, 40.267195], [-74.467506, 40.26724], [-74.468462, 40.267338], [-74.469507, 40.267443], [-74.469741, 40.267466], [-74.470051, 40.267519], [-74.470309, 40.267625], [-74.470806, 40.268034], [-74.470947, 40.268166], [-74.471064, 40.268309], [-74.471068, 40.268944], [-74.471062, 40.269108], [-74.471027, 40.269727], [-74.47103, 40.270076], [-74.471031, 40.270347], [-74.471033, 40.27041], [-74.471042, 40.270781], [-74.471087, 40.271081], [-74.471137, 40.271344], [-74.471154, 40.271411], [-74.471185, 40.271509], [-74.471409, 40.272191], [-74.471946, 40.273646], [-74.472235, 40.274435], [-74.472305, 40.274624], [-74.472471, 40.275089], [-74.472538, 40.27549], [-74.472526, 40.27713], [-74.472517, 40.277342], [-74.472509, 40.277831], [-74.472507, 40.277998], [-74.472537, 40.278252], [-74.472778, 40.281217], [-74.472837, 40.282263], [-74.472895, 40.284488], [-74.472913, 40.284933], [-74.472939, 40.285584], [-74.472944, 40.285764], [-74.47296, 40.28608], [-74.472973, 40.286487], [-74.473041, 40.288444], [-74.473059, 40.289144], [-74.473083, 40.289701], [-74.473697, 40.289758], [-74.47408, 40.289794], [-74.47505, 40.289885], [-74.475263, 40.289905], [-74.475344, 40.289913], [-74.476175, 40.289994], [-74.476328, 40.290006], [-74.477636, 40.290128], [-74.479441, 40.290298], [-74.480746, 40.290419], [-74.480535, 40.291816], [-74.480472, 40.292231], [-74.480449, 40.292473], [-74.480449, 40.292768], [-74.480488, 40.294497], [-74.480503, 40.295174], [-74.482436, 40.295402], [-74.482656, 40.295447], [-74.482758, 40.295505], [-74.482833, 40.295578], [-74.48309, 40.295983], [-74.48323, 40.296123], [-74.483353, 40.296192], [-74.483906, 40.296364], [-74.484192, 40.296494], [-74.484292, 40.296552], [-74.485058, 40.297215], [-74.485575, 40.297661], [-74.485295, 40.297833], [-74.485155, 40.297972], [-74.485061, 40.29814], [-74.485134, 40.299658], [-74.485145, 40.299813], [-74.485182, 40.299903], [-74.48493, 40.300009], [-74.484769, 40.300132], [-74.484721, 40.300214], [-74.484689, 40.300316], [-74.484695, 40.300762], [-74.484706, 40.301454], [-74.48471, 40.301756], [-74.484737, 40.301871], [-74.484866, 40.302018], [-74.484989, 40.302088], [-74.485139, 40.302125], [-74.485789, 40.302202], [-74.486321, 40.302269], [-74.486109, 40.303456], [-74.482771, 40.303086], [-74.482581, 40.303065], [-74.481452, 40.302938], [-74.481202, 40.302912], [-74.479893, 40.302769], [-74.479303, 40.302708], [-74.477329, 40.302473], [-74.476995, 40.302403], [-74.476234, 40.302207], [-74.475724, 40.302104], [-74.474939, 40.302014], [-74.47446, 40.30199], [-74.474012, 40.301987], [-74.473302, 40.30203], [-74.473304, 40.302441], [-74.473324, 40.30316], [-74.473329, 40.304406], [-74.47331, 40.305082], [-74.473302, 40.305242], [-74.473285, 40.305564], [-74.472964, 40.308023], [-74.47284, 40.308872], [-74.472793, 40.30936], [-74.472674, 40.310106], [-74.472665, 40.310166], [-74.472596, 40.310635], [-74.472551, 40.310945], [-74.472514, 40.311197], [-74.472476, 40.311451], [-74.472465, 40.311531], [-74.472326, 40.311995], [-74.472175, 40.312739], [-74.472153, 40.312851], [-74.471773, 40.316012], [-74.471681, 40.31683], [-74.471676, 40.317043], [-74.471663, 40.317594], [-74.471487, 40.318923], [-74.471406, 40.319523], [-74.471327, 40.320112], [-74.471273, 40.320512], [-74.471245, 40.320719], [-74.471197, 40.321079], [-74.471118, 40.321667], [-74.470946, 40.322944], [-74.470889, 40.323254], [-74.470836, 40.32347], [-74.470658, 40.324106], [-74.470529, 40.324513], [-74.47025, 40.325408], [-74.470022, 40.326084], [-74.470002, 40.326156], [-74.469862, 40.326638], [-74.469775, 40.326915], [-74.469477, 40.327571], [-74.469343, 40.32774], [-74.467889, 40.329457], [-74.467601, 40.329768], [-74.466198, 40.331448], [-74.463677, 40.334299], [-74.463575, 40.334411], [-74.463308, 40.334705], [-74.462989, 40.335307], [-74.462842, 40.335723], [-74.462741, 40.3362], [-74.462701, 40.336626], [-74.462752, 40.33704], [-74.462848, 40.337428], [-74.462978, 40.337812], [-74.463351, 40.338477], [-74.464375, 40.339916], [-74.464674, 40.340568], [-74.464723, 40.340714], [-74.464784, 40.341181], [-74.464732, 40.34167], [-74.464577, 40.34217], [-74.464468, 40.342455], [-74.463196, 40.342224], [-74.46271, 40.342141], [-74.462021, 40.342009], [-74.460613, 40.341735], [-74.460162, 40.341648], [-74.459437, 40.34153], [-74.458963, 40.341499], [-74.458582, 40.341498], [-74.45836, 40.341513], [-74.458017, 40.341577], [-74.456624, 40.341616], [-74.456238, 40.341664], [-74.455903, 40.341768], [-74.455279, 40.342047], [-74.454621, 40.342368], [-74.454381, 40.342485], [-74.453573, 40.34288], [-74.453048, 40.343136], [-74.451548, 40.343868], [-74.451228, 40.344024], [-74.451195, 40.344042], [-74.45091, 40.34419], [-74.450445, 40.344401], [-74.450052, 40.344579], [-74.450032, 40.344755], [-74.449921, 40.34522], [-74.449818, 40.34548], [-74.449249, 40.346401], [-74.449163, 40.346542], [-74.448953, 40.346861], [-74.448771, 40.3471], [-74.448517, 40.347377], [-74.447637, 40.348134], [-74.447103, 40.348583], [-74.446168, 40.349366], [-74.445419, 40.349994], [-74.44507, 40.35029], [-74.444662, 40.350647], [-74.444412, 40.350908], [-74.443226, 40.352185], [-74.442995, 40.352441], [-74.442734, 40.352741], [-74.442621, 40.352869], [-74.4425, 40.353003], [-74.442722, 40.353309], [-74.442799, 40.353419], [-74.442961, 40.353641], [-74.44305, 40.353738], [-74.44357, 40.35443], [-74.443754, 40.354684], [-74.444022, 40.355034], [-74.444255, 40.355338], [-74.444332, 40.355445], [-74.444453, 40.355596], [-74.444586, 40.355781], [-74.444641, 40.355858], [-74.445208, 40.35662], [-74.446143, 40.357864], [-74.446248, 40.358267], [-74.446275, 40.35844], [-74.446412, 40.359219], [-74.446495, 40.359876], [-74.446627, 40.360613], [-74.446663, 40.360981], [-74.446841, 40.361938], [-74.447147, 40.362944], [-74.44722, 40.363108], [-74.447425, 40.363446], [-74.447483, 40.363524], [-74.4477, 40.363764], [-74.448119, 40.364168], [-74.448244, 40.36429], [-74.448501, 40.364556], [-74.448593, 40.364674], [-74.448666, 40.3648], [-74.448807, 40.365172], [-74.448879, 40.365429], [-74.448998, 40.365881], [-74.44908, 40.366123], [-74.449351, 40.366655], [-74.449543, 40.366914], [-74.449744, 40.367127], [-74.450137, 40.367479], [-74.45042, 40.367666], [-74.452496, 40.368752], [-74.452715, 40.368865], [-74.453812, 40.369436], [-74.454096, 40.369584], [-74.455417, 40.37027], [-74.456131, 40.370641], [-74.457551, 40.371381], [-74.458074, 40.371648], [-74.457746, 40.372265], [-74.457477, 40.372771], [-74.456988, 40.373896], [-74.456738, 40.374669], [-74.456443, 40.375646], [-74.456267, 40.376079], [-74.456088, 40.37636], [-74.455922, 40.376566], [-74.455563, 40.376956], [-74.455402, 40.37713], [-74.455283, 40.37726], [-74.45455, 40.378033], [-74.453979, 40.37866], [-74.454416, 40.378878], [-74.455154, 40.379245], [-74.455874, 40.379597], [-74.455987, 40.379654], [-74.456981, 40.380133], [-74.457477, 40.380321], [-74.458046, 40.380513], [-74.458781, 40.380797], [-74.459913, 40.38134], [-74.460911, 40.381819], [-74.463076, 40.38286], [-74.46347, 40.383084], [-74.464292, 40.383605], [-74.464711, 40.383813], [-74.464844, 40.383545], [-74.465021, 40.383346], [-74.466033, 40.382321], [-74.46632, 40.381904], [-74.466243, 40.381802], [-74.466113, 40.381743], [-74.465454, 40.381445], [-74.465592, 40.38126], [-74.465129, 40.381034], [-74.465486, 40.380615], [-74.465129, 40.381034], [-74.465592, 40.38126], [-74.465454, 40.381445], [-74.466113, 40.381743], [-74.466185, 40.381656], [-74.466309, 40.381722], [-74.466243, 40.381802], [-74.46632, 40.381904], [-74.466033, 40.382321], [-74.465021, 40.383346], [-74.464844, 40.383545], [-74.464711, 40.383813], [-74.464292, 40.383605], [-74.46347, 40.383084], [-74.463076, 40.38286], [-74.460911, 40.381819], [-74.459913, 40.38134], [-74.458781, 40.380797], [-74.458046, 40.380513], [-74.457477, 40.380321], [-74.456981, 40.380133], [-74.455987, 40.379654], [-74.455874, 40.379597], [-74.455154, 40.379245], [-74.454416, 40.378878], [-74.454044, 40.379008], [-74.453611, 40.379353], [-74.453366, 40.379495], [-74.453307, 40.379506], [-74.453112, 40.379461], [-74.452421, 40.38009], [-74.450393, 40.381947], [-74.45017, 40.382134], [-74.449829, 40.382338], [-74.448952, 40.382781], [-74.447042, 40.383741], [-74.446532, 40.383965], [-74.444803, 40.384664], [-74.444031, 40.384977], [-74.443362, 40.385291], [-74.443198, 40.385395], [-74.442807, 40.385643], [-74.440758, 40.387256], [-74.439644, 40.388526], [-74.438882, 40.389409], [-74.437442, 40.391411], [-74.437197, 40.391751], [-74.436863, 40.392215], [-74.436077, 40.393086], [-74.43522, 40.393957], [-74.433652, 40.395551], [-74.433591, 40.395623], [-74.433138, 40.396081], [-74.432538, 40.396688], [-74.432235, 40.396994], [-74.431922, 40.397311], [-74.431658, 40.397577], [-74.430167, 40.399076], [-74.429816, 40.399427], [-74.429132, 40.400121], [-74.429084, 40.400172], [-74.428767, 40.400531], [-74.428624, 40.400694], [-74.428327, 40.401005], [-74.428161, 40.401179], [-74.427278, 40.402081], [-74.427155, 40.402209], [-74.42666, 40.402713], [-74.425658, 40.403721], [-74.425204, 40.404195], [-74.424862, 40.40455], [-74.42469, 40.404422], [-74.424487, 40.404198], [-74.423191, 40.402718], [-74.423074, 40.402578], [-74.422994, 40.402482], [-74.422367, 40.401766], [-74.421306, 40.400556], [-74.420519, 40.399466], [-74.42024, 40.398867], [-74.420138, 40.398569], [-74.420052, 40.398368], [-74.419619, 40.397358], [-74.419492, 40.397076], [-74.419004, 40.39728], [-74.417129, 40.398061], [-74.414813, 40.399016], [-74.414343, 40.399238], [-74.412637, 40.400043], [-74.412304, 40.400165], [-74.411692, 40.40033], [-74.410795, 40.400521], [-74.410434, 40.400597], [-74.409813, 40.400729], [-74.409377, 40.400821], [-74.407136, 40.401392], [-74.406572, 40.401536], [-74.405195, 40.401887], [-74.403571, 40.402317], [-74.40288, 40.40248], [-74.401405, 40.402795], [-74.399649, 40.403154], [-74.398947, 40.403316], [-74.398455, 40.40345], [-74.395394, 40.404559], [-74.39458, 40.40486], [-74.391935, 40.405871], [-74.391855, 40.4059], [-74.390171, 40.406523], [-74.389697, 40.406699], [-74.389125, 40.406904], [-74.388822, 40.406996], [-74.388464, 40.407103], [-74.388305, 40.40715], [-74.388267, 40.407161], [-74.387396, 40.407392], [-74.387025, 40.407487], [-74.386693, 40.407581], [-74.386572, 40.407616], [-74.38644, 40.407653], [-74.386343, 40.40768], [-74.386082, 40.407754], [-74.385739, 40.407849], [-74.385443, 40.407935], [-74.385129, 40.408017], [-74.384194, 40.408273], [-74.383427, 40.408477], [-74.383014, 40.408596], [-74.382127, 40.408848], [-74.380921, 40.40918], [-74.380615, 40.409263], [-74.379996, 40.409431], [-74.379737, 40.409521], [-74.379114, 40.409792], [-74.378973, 40.409854], [-74.378116, 40.410136], [-74.377121, 40.410399], [-74.376341, 40.410607], [-74.376069, 40.410662], [-74.375556, 40.410748], [-74.374794, 40.410841], [-74.373641, 40.411017], [-74.373052, 40.411122], [-74.372497, 40.41122], [-74.371168, 40.411447], [-74.370875, 40.411497], [-74.370783, 40.41149], [-74.37069, 40.411458], [-74.369843, 40.412334], [-74.369775, 40.412405], [-74.369385, 40.412835], [-74.369293, 40.412911], [-74.369399, 40.413033], [-74.369442, 40.413166], [-74.369411, 40.41334], [-74.36929, 40.413429], [-74.368473, 40.413784], [-74.368315, 40.413825], [-74.36812, 40.413817], [-74.367954, 40.413777], [-74.367824, 40.413792], [-74.367788, 40.413764], [-74.366407, 40.412655], [-74.365409, 40.411921], [-74.364916, 40.411595], [-74.364401, 40.411289], [-74.362637, 40.410306], [-74.362025, 40.409937], [-74.361664, 40.409671], [-74.361196, 40.409252], [-74.36086, 40.408903], [-74.359675, 40.407543], [-74.359324, 40.407241], [-74.358717, 40.406803], [-74.358578, 40.406705], [-74.358272, 40.406496], [-74.357793, 40.406175], [-74.357399, 40.40591], [-74.356911, 40.405578], [-74.356416, 40.405239], [-74.355904, 40.40486], [-74.355678, 40.404696], [-74.354421, 40.403688], [-74.353288, 40.402741], [-74.351203, 40.401], [-74.350324, 40.400272], [-74.350105, 40.400427], [-74.349815, 40.400656], [-74.349279, 40.40108], [-74.347815, 40.400875], [-74.347658, 40.400872], [-74.347621, 40.400773], [-74.347618, 40.400666], [-74.347573, 40.40052], [-74.347443, 40.400375], [-74.347299, 40.400288], [-74.347106, 40.400202], [-74.346881, 40.400131], [-74.345796, 40.399414], [-74.345174, 40.399882], [-74.345601, 40.400182]]}, "properties": {"seed": 10, "km": 75.2, "minutes": 100, "backroad_pct": 60, "state_road_pct": 40, "highway_pct": 2, "stroke": "#d33", "stroke-width": 3}}, {"type": "Feature", "geometry": {"type": "Point", "coordinates": [-74.3457, 40.4001]}, "properties": {"name": "start", "marker-color": "#000"}}]}